ISO-10303-21;
HEADER;
FILE_DESCRIPTION( ( '' ), ' ' );
FILE_NAME( '/vol/tmp/translate-3603750825506543104/5b2594e9df58e70ef06874ac.step', '2018-06-16T22:53:30', ( '' ), ( '' ), ' ', ' ', ' ' );
FILE_SCHEMA( ( 'AUTOMOTIVE_DESIGN { 1 0 10303 214 1 1 1 1 }' ) );
ENDSEC;
DATA;
#1 = MECHANICAL_DESIGN_GEOMETRIC_PRESENTATION_REPRESENTATION( ' ', ( #10, #11, #12, #13, #14, #15, #16, #17, #18, #19, #20, #21, #22, #23, #24, #25, #26, #27, #28, #29, #30, #31, #32, #33, #34, #35, #36, #37, #38, #39, #40, #41, #42, #43, #44, #45, #46, #47, #48, #49, #50, #51, #52, #53, #54, #55, #56, #57 ), #6 );
#2 = PRODUCT_DEFINITION_CONTEXT( '', #58, 'design' );
#3 = APPLICATION_PROTOCOL_DEFINITION( 'international standard', 'automotive_design', 2001, #58 );
#4 = PRODUCT_CATEGORY_RELATIONSHIP( 'NONE', 'NONE', #59, #60 );
#5 = SHAPE_DEFINITION_REPRESENTATION( #61, #62 );
#6 =  ( GEOMETRIC_REPRESENTATION_CONTEXT( 3 )GLOBAL_UNCERTAINTY_ASSIGNED_CONTEXT( ( #65 ) )GLOBAL_UNIT_ASSIGNED_CONTEXT( ( #67, #68, #69 ) )REPRESENTATION_CONTEXT( 'NONE', 'WORKSPACE' ) );
#10 = STYLED_ITEM( '', ( #71 ), #72 );
#11 = STYLED_ITEM( '', ( #73 ), #74 );
#12 = STYLED_ITEM( '', ( #75 ), #76 );
#13 = STYLED_ITEM( '', ( #77 ), #78 );
#14 = STYLED_ITEM( '', ( #79 ), #80 );
#15 = STYLED_ITEM( '', ( #81 ), #82 );
#16 = STYLED_ITEM( '', ( #83 ), #84 );
#17 = STYLED_ITEM( '', ( #85 ), #86 );
#18 = STYLED_ITEM( '', ( #87 ), #88 );
#19 = STYLED_ITEM( '', ( #89 ), #90 );
#20 = STYLED_ITEM( '', ( #91 ), #92 );
#21 = STYLED_ITEM( '', ( #93 ), #94 );
#22 = STYLED_ITEM( '', ( #95 ), #96 );
#23 = STYLED_ITEM( '', ( #97 ), #98 );
#24 = STYLED_ITEM( '', ( #99 ), #100 );
#25 = STYLED_ITEM( '', ( #101 ), #102 );
#26 = STYLED_ITEM( '', ( #103 ), #104 );
#27 = STYLED_ITEM( '', ( #105 ), #106 );
#28 = STYLED_ITEM( '', ( #107 ), #108 );
#29 = STYLED_ITEM( '', ( #109 ), #110 );
#30 = STYLED_ITEM( '', ( #111 ), #112 );
#31 = STYLED_ITEM( '', ( #113 ), #114 );
#32 = STYLED_ITEM( '', ( #115 ), #116 );
#33 = STYLED_ITEM( '', ( #117 ), #118 );
#34 = STYLED_ITEM( '', ( #119 ), #120 );
#35 = STYLED_ITEM( '', ( #121 ), #122 );
#36 = STYLED_ITEM( '', ( #123 ), #124 );
#37 = STYLED_ITEM( '', ( #125 ), #126 );
#38 = STYLED_ITEM( '', ( #127 ), #128 );
#39 = STYLED_ITEM( '', ( #129 ), #130 );
#40 = STYLED_ITEM( '', ( #131 ), #132 );
#41 = STYLED_ITEM( '', ( #133 ), #134 );
#42 = STYLED_ITEM( '', ( #135 ), #136 );
#43 = STYLED_ITEM( '', ( #137 ), #138 );
#44 = STYLED_ITEM( '', ( #139 ), #140 );
#45 = STYLED_ITEM( '', ( #141 ), #142 );
#46 = STYLED_ITEM( '', ( #143 ), #144 );
#47 = STYLED_ITEM( '', ( #145 ), #146 );
#48 = STYLED_ITEM( '', ( #147 ), #148 );
#49 = STYLED_ITEM( '', ( #149 ), #150 );
#50 = STYLED_ITEM( '', ( #151 ), #152 );
#51 = STYLED_ITEM( '', ( #153 ), #154 );
#52 = STYLED_ITEM( '', ( #155 ), #156 );
#53 = STYLED_ITEM( '', ( #157 ), #158 );
#54 = STYLED_ITEM( '', ( #159 ), #160 );
#55 = STYLED_ITEM( '', ( #161 ), #162 );
#56 = STYLED_ITEM( '', ( #163 ), #164 );
#57 = STYLED_ITEM( '', ( #165 ), #166 );
#58 = APPLICATION_CONTEXT( 'core data for automotive mechanical design processes' );
#59 = PRODUCT_CATEGORY( 'part', 'NONE' );
#60 = PRODUCT_RELATED_PRODUCT_CATEGORY( 'detail', ' ', ( #167 ) );
#61 = PRODUCT_DEFINITION_SHAPE( 'NONE', 'NONE', #168 );
#62 = ADVANCED_BREP_SHAPE_REPRESENTATION( 'Part 1', ( #169, #170 ), #6 );
#65 = UNCERTAINTY_MEASURE_WITH_UNIT( LENGTH_MEASURE( 1.00000000000000E-17 ), #67, '', '' );
#67 =  ( CONVERSION_BASED_UNIT( 'METRE', #173 )LENGTH_UNIT(  )NAMED_UNIT( #176 ) );
#68 =  ( NAMED_UNIT( #178 )PLANE_ANGLE_UNIT(  )SI_UNIT( $, .RADIAN. ) );
#69 =  ( NAMED_UNIT( #178 )SI_UNIT( $, .STERADIAN. )SOLID_ANGLE_UNIT(  ) );
#71 = PRESENTATION_STYLE_ASSIGNMENT( ( #184 ) );
#72 = ADVANCED_FACE( '', ( #185 ), #186, .F. );
#73 = PRESENTATION_STYLE_ASSIGNMENT( ( #187 ) );
#74 = ADVANCED_FACE( '', ( #188 ), #189, .T. );
#75 = PRESENTATION_STYLE_ASSIGNMENT( ( #190 ) );
#76 = ADVANCED_FACE( '', ( #191, #192, #193 ), #194, .F. );
#77 = PRESENTATION_STYLE_ASSIGNMENT( ( #195 ) );
#78 = ADVANCED_FACE( '', ( #196 ), #197, .F. );
#79 = PRESENTATION_STYLE_ASSIGNMENT( ( #198 ) );
#80 = ADVANCED_FACE( '', ( #199, #200 ), #201, .F. );
#81 = PRESENTATION_STYLE_ASSIGNMENT( ( #202 ) );
#82 = ADVANCED_FACE( '', ( #203 ), #204, .F. );
#83 = PRESENTATION_STYLE_ASSIGNMENT( ( #205 ) );
#84 = ADVANCED_FACE( '', ( #206, #207 ), #208, .F. );
#85 = PRESENTATION_STYLE_ASSIGNMENT( ( #209 ) );
#86 = ADVANCED_FACE( '', ( #210 ), #211, .T. );
#87 = PRESENTATION_STYLE_ASSIGNMENT( ( #212 ) );
#88 = ADVANCED_FACE( '', ( #213, #214 ), #215, .F. );
#89 = PRESENTATION_STYLE_ASSIGNMENT( ( #216 ) );
#90 = ADVANCED_FACE( '', ( #217 ), #218, .T. );
#91 = PRESENTATION_STYLE_ASSIGNMENT( ( #219 ) );
#92 = ADVANCED_FACE( '', ( #220, #221, #222, #223, #224 ), #225, .F. );
#93 = PRESENTATION_STYLE_ASSIGNMENT( ( #226 ) );
#94 = ADVANCED_FACE( '', ( #227 ), #228, .T. );
#95 = PRESENTATION_STYLE_ASSIGNMENT( ( #229 ) );
#96 = ADVANCED_FACE( '', ( #230, #231 ), #232, .F. );
#97 = PRESENTATION_STYLE_ASSIGNMENT( ( #233 ) );
#98 = ADVANCED_FACE( '', ( #234, #235 ), #236, .F. );
#99 = PRESENTATION_STYLE_ASSIGNMENT( ( #237 ) );
#100 = ADVANCED_FACE( '', ( #238 ), #239, .F. );
#101 = PRESENTATION_STYLE_ASSIGNMENT( ( #240 ) );
#102 = ADVANCED_FACE( '', ( #241 ), #242, .T. );
#103 = PRESENTATION_STYLE_ASSIGNMENT( ( #243 ) );
#104 = ADVANCED_FACE( '', ( #244, #245 ), #246, .T. );
#105 = PRESENTATION_STYLE_ASSIGNMENT( ( #247 ) );
#106 = ADVANCED_FACE( '', ( #248, #249 ), #250, .T. );
#107 = PRESENTATION_STYLE_ASSIGNMENT( ( #251 ) );
#108 = ADVANCED_FACE( '', ( #252 ), #253, .T. );
#109 = PRESENTATION_STYLE_ASSIGNMENT( ( #254 ) );
#110 = ADVANCED_FACE( '', ( #255 ), #256, .T. );
#111 = PRESENTATION_STYLE_ASSIGNMENT( ( #257 ) );
#112 = ADVANCED_FACE( '', ( #258 ), #259, .T. );
#113 = PRESENTATION_STYLE_ASSIGNMENT( ( #260 ) );
#114 = ADVANCED_FACE( '', ( #261 ), #262, .T. );
#115 = PRESENTATION_STYLE_ASSIGNMENT( ( #263 ) );
#116 = ADVANCED_FACE( '', ( #264, #265 ), #266, .F. );
#117 = PRESENTATION_STYLE_ASSIGNMENT( ( #267 ) );
#118 = ADVANCED_FACE( '', ( #268, #269 ), #270, .F. );
#119 = PRESENTATION_STYLE_ASSIGNMENT( ( #271 ) );
#120 = ADVANCED_FACE( '', ( #272 ), #273, .F. );
#121 = PRESENTATION_STYLE_ASSIGNMENT( ( #274 ) );
#122 = ADVANCED_FACE( '', ( #275 ), #276, .T. );
#123 = PRESENTATION_STYLE_ASSIGNMENT( ( #277 ) );
#124 = ADVANCED_FACE( '', ( #278 ), #279, .F. );
#125 = PRESENTATION_STYLE_ASSIGNMENT( ( #280 ) );
#126 = ADVANCED_FACE( '', ( #281, #282 ), #283, .F. );
#127 = PRESENTATION_STYLE_ASSIGNMENT( ( #284 ) );
#128 = ADVANCED_FACE( '', ( #285 ), #286, .T. );
#129 = PRESENTATION_STYLE_ASSIGNMENT( ( #287 ) );
#130 = ADVANCED_FACE( '', ( #288, #289 ), #290, .F. );
#131 = PRESENTATION_STYLE_ASSIGNMENT( ( #291 ) );
#132 = ADVANCED_FACE( '', ( #292, #293 ), #294, .F. );
#133 = PRESENTATION_STYLE_ASSIGNMENT( ( #295 ) );
#134 = ADVANCED_FACE( '', ( #296, #297 ), #298, .F. );
#135 = PRESENTATION_STYLE_ASSIGNMENT( ( #299 ) );
#136 = ADVANCED_FACE( '', ( #300 ), #301, .T. );
#137 = PRESENTATION_STYLE_ASSIGNMENT( ( #302 ) );
#138 = ADVANCED_FACE( '', ( #303, #304 ), #305, .F. );
#139 = PRESENTATION_STYLE_ASSIGNMENT( ( #306 ) );
#140 = ADVANCED_FACE( '', ( #307 ), #308, .T. );
#141 = PRESENTATION_STYLE_ASSIGNMENT( ( #309 ) );
#142 = ADVANCED_FACE( '', ( #310, #311 ), #312, .T. );
#143 = PRESENTATION_STYLE_ASSIGNMENT( ( #313 ) );
#144 = ADVANCED_FACE( '', ( #314 ), #315, .T. );
#145 = PRESENTATION_STYLE_ASSIGNMENT( ( #316 ) );
#146 = ADVANCED_FACE( '', ( #317 ), #318, .F. );
#147 = PRESENTATION_STYLE_ASSIGNMENT( ( #319 ) );
#148 = ADVANCED_FACE( '', ( #320, #321 ), #322, .F. );
#149 = PRESENTATION_STYLE_ASSIGNMENT( ( #323 ) );
#150 = ADVANCED_FACE( '', ( #324, #325, #326 ), #327, .T. );
#151 = PRESENTATION_STYLE_ASSIGNMENT( ( #328 ) );
#152 = ADVANCED_FACE( '', ( #329 ), #330, .T. );
#153 = PRESENTATION_STYLE_ASSIGNMENT( ( #331 ) );
#154 = ADVANCED_FACE( '', ( #332 ), #333, .F. );
#155 = PRESENTATION_STYLE_ASSIGNMENT( ( #334 ) );
#156 = ADVANCED_FACE( '', ( #335 ), #336, .F. );
#157 = PRESENTATION_STYLE_ASSIGNMENT( ( #337 ) );
#158 = ADVANCED_FACE( '', ( #338 ), #339, .T. );
#159 = PRESENTATION_STYLE_ASSIGNMENT( ( #340 ) );
#160 = ADVANCED_FACE( '', ( #341, #342 ), #343, .F. );
#161 = PRESENTATION_STYLE_ASSIGNMENT( ( #344 ) );
#162 = ADVANCED_FACE( '', ( #345, #346, #347, #348, #349 ), #350, .T. );
#163 = PRESENTATION_STYLE_ASSIGNMENT( ( #351 ) );
#164 = ADVANCED_FACE( '', ( #352, #353 ), #354, .T. );
#165 = PRESENTATION_STYLE_ASSIGNMENT( ( #355 ) );
#166 = ADVANCED_FACE( '', ( #356 ), #357, .T. );
#167 = PRODUCT( 'Part 1', 'Part 1', 'PART-Part 1-DESC', ( #358 ) );
#168 = PRODUCT_DEFINITION( 'NONE', 'NONE', #359, #2 );
#169 = MANIFOLD_SOLID_BREP( 'Part 1', #360 );
#170 = AXIS2_PLACEMENT_3D( '', #361, #362, #363 );
#173 = LENGTH_MEASURE_WITH_UNIT( LENGTH_MEASURE( 1.00000000000000 ), #364 );
#176 = DIMENSIONAL_EXPONENTS( 1.00000000000000, 0.00000000000000, 0.00000000000000, 0.00000000000000, 0.00000000000000, 0.00000000000000, 0.00000000000000 );
#178 = DIMENSIONAL_EXPONENTS( 0.00000000000000, 0.00000000000000, 0.00000000000000, 0.00000000000000, 0.00000000000000, 0.00000000000000, 0.00000000000000 );
#184 = SURFACE_STYLE_USAGE( .BOTH., #365 );
#185 = FACE_OUTER_BOUND( '', #366, .T. );
#186 = PLANE( '', #367 );
#187 = SURFACE_STYLE_USAGE( .BOTH., #368 );
#188 = FACE_OUTER_BOUND( '', #369, .T. );
#189 = CYLINDRICAL_SURFACE( '', #370, 0.00635000000000000 );
#190 = SURFACE_STYLE_USAGE( .BOTH., #371 );
#191 = FACE_BOUND( '', #372, .T. );
#192 = FACE_BOUND( '', #373, .T. );
#193 = FACE_OUTER_BOUND( '', #374, .T. );
#194 = PLANE( '', #375 );
#195 = SURFACE_STYLE_USAGE( .BOTH., #376 );
#196 = FACE_OUTER_BOUND( '', #377, .T. );
#197 = PLANE( '', #378 );
#198 = SURFACE_STYLE_USAGE( .BOTH., #379 );
#199 = FACE_OUTER_BOUND( '', #380, .T. );
#200 = FACE_OUTER_BOUND( '', #381, .T. );
#201 = CYLINDRICAL_SURFACE( '', #382, 0.00929640000000000 );
#202 = SURFACE_STYLE_USAGE( .BOTH., #383 );
#203 = FACE_OUTER_BOUND( '', #384, .T. );
#204 = PLANE( '', #385 );
#205 = SURFACE_STYLE_USAGE( .BOTH., #386 );
#206 = FACE_OUTER_BOUND( '', #387, .T. );
#207 = FACE_OUTER_BOUND( '', #388, .T. );
#208 = CYLINDRICAL_SURFACE( '', #389, 0.00177800000000000 );
#209 = SURFACE_STYLE_USAGE( .BOTH., #390 );
#210 = FACE_OUTER_BOUND( '', #391, .T. );
#211 = PLANE( '', #392 );
#212 = SURFACE_STYLE_USAGE( .BOTH., #393 );
#213 = FACE_OUTER_BOUND( '', #394, .T. );
#214 = FACE_OUTER_BOUND( '', #395, .T. );
#215 = CYLINDRICAL_SURFACE( '', #396, 0.00177800000000000 );
#216 = SURFACE_STYLE_USAGE( .BOTH., #397 );
#217 = FACE_OUTER_BOUND( '', #398, .T. );
#218 = PLANE( '', #399 );
#219 = SURFACE_STYLE_USAGE( .BOTH., #400 );
#220 = FACE_BOUND( '', #401, .T. );
#221 = FACE_OUTER_BOUND( '', #402, .T. );
#222 = FACE_BOUND( '', #403, .T. );
#223 = FACE_BOUND( '', #404, .T. );
#224 = FACE_BOUND( '', #405, .T. );
#225 = PLANE( '', #406 );
#226 = SURFACE_STYLE_USAGE( .BOTH., #407 );
#227 = FACE_OUTER_BOUND( '', #408, .T. );
#228 = CYLINDRICAL_SURFACE( '', #409, 0.00635000000000000 );
#229 = SURFACE_STYLE_USAGE( .BOTH., #410 );
#230 = FACE_OUTER_BOUND( '', #411, .T. );
#231 = FACE_BOUND( '', #412, .T. );
#232 = PLANE( '', #413 );
#233 = SURFACE_STYLE_USAGE( .BOTH., #414 );
#234 = FACE_OUTER_BOUND( '', #415, .T. );
#235 = FACE_OUTER_BOUND( '', #416, .T. );
#236 = CYLINDRICAL_SURFACE( '', #417, 0.00177800000000000 );
#237 = SURFACE_STYLE_USAGE( .BOTH., #418 );
#238 = FACE_OUTER_BOUND( '', #419, .T. );
#239 = PLANE( '', #420 );
#240 = SURFACE_STYLE_USAGE( .BOTH., #421 );
#241 = FACE_OUTER_BOUND( '', #422, .T. );
#242 = PLANE( '', #423 );
#243 = SURFACE_STYLE_USAGE( .BOTH., #424 );
#244 = FACE_BOUND( '', #425, .T. );
#245 = FACE_OUTER_BOUND( '', #426, .T. );
#246 = PLANE( '', #427 );
#247 = SURFACE_STYLE_USAGE( .BOTH., #428 );
#248 = FACE_OUTER_BOUND( '', #429, .T. );
#249 = FACE_BOUND( '', #430, .T. );
#250 = PLANE( '', #431 );
#251 = SURFACE_STYLE_USAGE( .BOTH., #432 );
#252 = FACE_OUTER_BOUND( '', #433, .T. );
#253 = CYLINDRICAL_SURFACE( '', #434, 0.00635000000000000 );
#254 = SURFACE_STYLE_USAGE( .BOTH., #435 );
#255 = FACE_OUTER_BOUND( '', #436, .T. );
#256 = PLANE( '', #437 );
#257 = SURFACE_STYLE_USAGE( .BOTH., #438 );
#258 = FACE_OUTER_BOUND( '', #439, .T. );
#259 = CYLINDRICAL_SURFACE( '', #440, 0.00635000000000000 );
#260 = SURFACE_STYLE_USAGE( .BOTH., #441 );
#261 = FACE_OUTER_BOUND( '', #442, .T. );
#262 = CYLINDRICAL_SURFACE( '', #443, 0.00635000000000000 );
#263 = SURFACE_STYLE_USAGE( .BOTH., #444 );
#264 = FACE_OUTER_BOUND( '', #445, .T. );
#265 = FACE_OUTER_BOUND( '', #446, .T. );
#266 = CYLINDRICAL_SURFACE( '', #447, 0.00177800000000000 );
#267 = SURFACE_STYLE_USAGE( .BOTH., #448 );
#268 = FACE_OUTER_BOUND( '', #449, .T. );
#269 = FACE_OUTER_BOUND( '', #450, .T. );
#270 = CYLINDRICAL_SURFACE( '', #451, 0.00177800000000000 );
#271 = SURFACE_STYLE_USAGE( .BOTH., #452 );
#272 = FACE_OUTER_BOUND( '', #453, .T. );
#273 = PLANE( '', #454 );
#274 = SURFACE_STYLE_USAGE( .BOTH., #455 );
#275 = FACE_OUTER_BOUND( '', #456, .T. );
#276 = PLANE( '', #457 );
#277 = SURFACE_STYLE_USAGE( .BOTH., #458 );
#278 = FACE_OUTER_BOUND( '', #459, .T. );
#279 = PLANE( '', #460 );
#280 = SURFACE_STYLE_USAGE( .BOTH., #461 );
#281 = FACE_OUTER_BOUND( '', #462, .T. );
#282 = FACE_OUTER_BOUND( '', #463, .T. );
#283 = CYLINDRICAL_SURFACE( '', #464, 0.00177800000000000 );
#284 = SURFACE_STYLE_USAGE( .BOTH., #465 );
#285 = FACE_OUTER_BOUND( '', #466, .T. );
#286 = CYLINDRICAL_SURFACE( '', #467, 0.00635000000000000 );
#287 = SURFACE_STYLE_USAGE( .BOTH., #468 );
#288 = FACE_OUTER_BOUND( '', #469, .T. );
#289 = FACE_OUTER_BOUND( '', #470, .T. );
#290 = CYLINDRICAL_SURFACE( '', #471, 0.00177800000000000 );
#291 = SURFACE_STYLE_USAGE( .BOTH., #472 );
#292 = FACE_BOUND( '', #473, .T. );
#293 = FACE_OUTER_BOUND( '', #474, .T. );
#294 = PLANE( '', #475 );
#295 = SURFACE_STYLE_USAGE( .BOTH., #476 );
#296 = FACE_OUTER_BOUND( '', #477, .T. );
#297 = FACE_OUTER_BOUND( '', #478, .T. );
#298 = CYLINDRICAL_SURFACE( '', #479, 0.00177800000000000 );
#299 = SURFACE_STYLE_USAGE( .BOTH., #480 );
#300 = FACE_OUTER_BOUND( '', #481, .T. );
#301 = PLANE( '', #482 );
#302 = SURFACE_STYLE_USAGE( .BOTH., #483 );
#303 = FACE_BOUND( '', #484, .T. );
#304 = FACE_OUTER_BOUND( '', #485, .T. );
#305 = PLANE( '', #486 );
#306 = SURFACE_STYLE_USAGE( .BOTH., #487 );
#307 = FACE_OUTER_BOUND( '', #488, .T. );
#308 = CYLINDRICAL_SURFACE( '', #489, 0.00635000000000000 );
#309 = SURFACE_STYLE_USAGE( .BOTH., #490 );
#310 = FACE_OUTER_BOUND( '', #491, .T. );
#311 = FACE_BOUND( '', #492, .T. );
#312 = PLANE( '', #493 );
#313 = SURFACE_STYLE_USAGE( .BOTH., #494 );
#314 = FACE_OUTER_BOUND( '', #495, .T. );
#315 = PLANE( '', #496 );
#316 = SURFACE_STYLE_USAGE( .BOTH., #497 );
#317 = FACE_OUTER_BOUND( '', #498, .T. );
#318 = PLANE( '', #499 );
#319 = SURFACE_STYLE_USAGE( .BOTH., #500 );
#320 = FACE_OUTER_BOUND( '', #501, .T. );
#321 = FACE_OUTER_BOUND( '', #502, .T. );
#322 = CYLINDRICAL_SURFACE( '', #503, 0.00929640000000000 );
#323 = SURFACE_STYLE_USAGE( .BOTH., #504 );
#324 = FACE_BOUND( '', #505, .T. );
#325 = FACE_BOUND( '', #506, .T. );
#326 = FACE_OUTER_BOUND( '', #507, .T. );
#327 = PLANE( '', #508 );
#328 = SURFACE_STYLE_USAGE( .BOTH., #509 );
#329 = FACE_OUTER_BOUND( '', #510, .T. );
#330 = PLANE( '', #511 );
#331 = SURFACE_STYLE_USAGE( .BOTH., #512 );
#332 = FACE_OUTER_BOUND( '', #513, .T. );
#333 = PLANE( '', #514 );
#334 = SURFACE_STYLE_USAGE( .BOTH., #515 );
#335 = FACE_OUTER_BOUND( '', #516, .T. );
#336 = PLANE( '', #517 );
#337 = SURFACE_STYLE_USAGE( .BOTH., #518 );
#338 = FACE_OUTER_BOUND( '', #519, .T. );
#339 = CYLINDRICAL_SURFACE( '', #520, 0.00635000000000000 );
#340 = SURFACE_STYLE_USAGE( .BOTH., #521 );
#341 = FACE_OUTER_BOUND( '', #522, .T. );
#342 = FACE_BOUND( '', #523, .T. );
#343 = PLANE( '', #524 );
#344 = SURFACE_STYLE_USAGE( .BOTH., #525 );
#345 = FACE_BOUND( '', #526, .T. );
#346 = FACE_OUTER_BOUND( '', #527, .T. );
#347 = FACE_BOUND( '', #528, .T. );
#348 = FACE_BOUND( '', #529, .T. );
#349 = FACE_BOUND( '', #530, .T. );
#350 = PLANE( '', #531 );
#351 = SURFACE_STYLE_USAGE( .BOTH., #532 );
#352 = FACE_BOUND( '', #533, .T. );
#353 = FACE_OUTER_BOUND( '', #534, .T. );
#354 = PLANE( '', #535 );
#355 = SURFACE_STYLE_USAGE( .BOTH., #536 );
#356 = FACE_OUTER_BOUND( '', #537, .T. );
#357 = PLANE( '', #538 );
#358 = PRODUCT_CONTEXT( '', #58, 'mechanical' );
#359 = PRODUCT_DEFINITION_FORMATION_WITH_SPECIFIED_SOURCE( ' ', 'NONE', #167, .NOT_KNOWN. );
#360 = CLOSED_SHELL( '', ( #162, #96, #130, #164, #104, #142, #92, #116, #106, #122, #98, #84, #156, #108, #124, #136, #128, #134, #110, #72, #94, #166, #154, #112, #160, #132, #138, #86, #120, #158, #90, #100, #114, #102, #82, #140, #144, #146, #88, #126, #74, #118, #150, #152, #76, #78, #148, #80 ) );
#361 = CARTESIAN_POINT( '', ( 0.00000000000000, 0.00000000000000, 0.00000000000000 ) );
#362 = DIRECTION( '', ( 0.00000000000000, 0.00000000000000, 1.00000000000000 ) );
#363 = DIRECTION( '', ( 1.00000000000000, 0.00000000000000, 0.00000000000000 ) );
#364 =  ( LENGTH_UNIT(  )NAMED_UNIT( #176 )SI_UNIT( $, .METRE. ) );
#365 = SURFACE_SIDE_STYLE( '', ( #540 ) );
#366 = EDGE_LOOP( '', ( #541, #542, #543, #544 ) );
#367 = AXIS2_PLACEMENT_3D( '', #545, #546, #547 );
#368 = SURFACE_SIDE_STYLE( '', ( #548 ) );
#369 = EDGE_LOOP( '', ( #549, #550, #551, #552 ) );
#370 = AXIS2_PLACEMENT_3D( '', #553, #554, #555 );
#371 = SURFACE_SIDE_STYLE( '', ( #556 ) );
#372 = EDGE_LOOP( '', ( #557 ) );
#373 = EDGE_LOOP( '', ( #558 ) );
#374 = EDGE_LOOP( '', ( #559, #560, #561, #562 ) );
#375 = AXIS2_PLACEMENT_3D( '', #563, #564, #565 );
#376 = SURFACE_SIDE_STYLE( '', ( #566 ) );
#377 = EDGE_LOOP( '', ( #567, #568, #569, #570, #571, #572, #573, #574, #575, #576, #577, #578, #579, #580, #581, #582, #583, #584, #585, #586 ) );
#378 = AXIS2_PLACEMENT_3D( '', #587, #588, #589 );
#379 = SURFACE_SIDE_STYLE( '', ( #590 ) );
#380 = EDGE_LOOP( '', ( #591 ) );
#381 = EDGE_LOOP( '', ( #592 ) );
#382 = AXIS2_PLACEMENT_3D( '', #593, #594, #595 );
#383 = SURFACE_SIDE_STYLE( '', ( #596 ) );
#384 = EDGE_LOOP( '', ( #597, #598, #599, #600 ) );
#385 = AXIS2_PLACEMENT_3D( '', #601, #602, #603 );
#386 = SURFACE_SIDE_STYLE( '', ( #604 ) );
#387 = EDGE_LOOP( '', ( #605 ) );
#388 = EDGE_LOOP( '', ( #606 ) );
#389 = AXIS2_PLACEMENT_3D( '', #607, #608, #609 );
#390 = SURFACE_SIDE_STYLE( '', ( #610 ) );
#391 = EDGE_LOOP( '', ( #611, #612, #613, #614 ) );
#392 = AXIS2_PLACEMENT_3D( '', #615, #616, #617 );
#393 = SURFACE_SIDE_STYLE( '', ( #618 ) );
#394 = EDGE_LOOP( '', ( #619 ) );
#395 = EDGE_LOOP( '', ( #620 ) );
#396 = AXIS2_PLACEMENT_3D( '', #621, #622, #623 );
#397 = SURFACE_SIDE_STYLE( '', ( #624 ) );
#398 = EDGE_LOOP( '', ( #625, #626, #627, #628 ) );
#399 = AXIS2_PLACEMENT_3D( '', #629, #630, #631 );
#400 = SURFACE_SIDE_STYLE( '', ( #632 ) );
#401 = EDGE_LOOP( '', ( #633 ) );
#402 = EDGE_LOOP( '', ( #634, #635, #636, #637, #638, #639, #640, #641, #642, #643, #644, #645, #646, #647, #648, #649, #650, #651, #652, #653 ) );
#403 = EDGE_LOOP( '', ( #654 ) );
#404 = EDGE_LOOP( '', ( #655 ) );
#405 = EDGE_LOOP( '', ( #656 ) );
#406 = AXIS2_PLACEMENT_3D( '', #657, #658, #659 );
#407 = SURFACE_SIDE_STYLE( '', ( #660 ) );
#408 = EDGE_LOOP( '', ( #661, #662, #663, #664 ) );
#409 = AXIS2_PLACEMENT_3D( '', #665, #666, #667 );
#410 = SURFACE_SIDE_STYLE( '', ( #668 ) );
#411 = EDGE_LOOP( '', ( #669, #670, #671, #672 ) );
#412 = EDGE_LOOP( '', ( #673 ) );
#413 = AXIS2_PLACEMENT_3D( '', #674, #675, #676 );
#414 = SURFACE_SIDE_STYLE( '', ( #677 ) );
#415 = EDGE_LOOP( '', ( #678 ) );
#416 = EDGE_LOOP( '', ( #679 ) );
#417 = AXIS2_PLACEMENT_3D( '', #680, #681, #682 );
#418 = SURFACE_SIDE_STYLE( '', ( #683 ) );
#419 = EDGE_LOOP( '', ( #684, #685, #686, #687 ) );
#420 = AXIS2_PLACEMENT_3D( '', #688, #689, #690 );
#421 = SURFACE_SIDE_STYLE( '', ( #691 ) );
#422 = EDGE_LOOP( '', ( #692, #693, #694, #695 ) );
#423 = AXIS2_PLACEMENT_3D( '', #696, #697, #698 );
#424 = SURFACE_SIDE_STYLE( '', ( #699 ) );
#425 = EDGE_LOOP( '', ( #700 ) );
#426 = EDGE_LOOP( '', ( #701, #702, #703, #704 ) );
#427 = AXIS2_PLACEMENT_3D( '', #705, #706, #707 );
#428 = SURFACE_SIDE_STYLE( '', ( #708 ) );
#429 = EDGE_LOOP( '', ( #709, #710, #711, #712 ) );
#430 = EDGE_LOOP( '', ( #713 ) );
#431 = AXIS2_PLACEMENT_3D( '', #714, #715, #716 );
#432 = SURFACE_SIDE_STYLE( '', ( #717 ) );
#433 = EDGE_LOOP( '', ( #718, #719, #720, #721 ) );
#434 = AXIS2_PLACEMENT_3D( '', #722, #723, #724 );
#435 = SURFACE_SIDE_STYLE( '', ( #725 ) );
#436 = EDGE_LOOP( '', ( #726, #727, #728, #729 ) );
#437 = AXIS2_PLACEMENT_3D( '', #730, #731, #732 );
#438 = SURFACE_SIDE_STYLE( '', ( #733 ) );
#439 = EDGE_LOOP( '', ( #734, #735, #736, #737 ) );
#440 = AXIS2_PLACEMENT_3D( '', #738, #739, #740 );
#441 = SURFACE_SIDE_STYLE( '', ( #741 ) );
#442 = EDGE_LOOP( '', ( #742, #743, #744, #745 ) );
#443 = AXIS2_PLACEMENT_3D( '', #746, #747, #748 );
#444 = SURFACE_SIDE_STYLE( '', ( #749 ) );
#445 = EDGE_LOOP( '', ( #750 ) );
#446 = EDGE_LOOP( '', ( #751 ) );
#447 = AXIS2_PLACEMENT_3D( '', #752, #753, #754 );
#448 = SURFACE_SIDE_STYLE( '', ( #755 ) );
#449 = EDGE_LOOP( '', ( #756 ) );
#450 = EDGE_LOOP( '', ( #757 ) );
#451 = AXIS2_PLACEMENT_3D( '', #758, #759, #760 );
#452 = SURFACE_SIDE_STYLE( '', ( #761 ) );
#453 = EDGE_LOOP( '', ( #762, #763, #764, #765 ) );
#454 = AXIS2_PLACEMENT_3D( '', #766, #767, #768 );
#455 = SURFACE_SIDE_STYLE( '', ( #769 ) );
#456 = EDGE_LOOP( '', ( #770, #771, #772, #773 ) );
#457 = AXIS2_PLACEMENT_3D( '', #774, #775, #776 );
#458 = SURFACE_SIDE_STYLE( '', ( #777 ) );
#459 = EDGE_LOOP( '', ( #778, #779, #780, #781 ) );
#460 = AXIS2_PLACEMENT_3D( '', #782, #783, #784 );
#461 = SURFACE_SIDE_STYLE( '', ( #785 ) );
#462 = EDGE_LOOP( '', ( #786 ) );
#463 = EDGE_LOOP( '', ( #787 ) );
#464 = AXIS2_PLACEMENT_3D( '', #788, #789, #790 );
#465 = SURFACE_SIDE_STYLE( '', ( #791 ) );
#466 = EDGE_LOOP( '', ( #792, #793, #794, #795 ) );
#467 = AXIS2_PLACEMENT_3D( '', #796, #797, #798 );
#468 = SURFACE_SIDE_STYLE( '', ( #799 ) );
#469 = EDGE_LOOP( '', ( #800 ) );
#470 = EDGE_LOOP( '', ( #801 ) );
#471 = AXIS2_PLACEMENT_3D( '', #802, #803, #804 );
#472 = SURFACE_SIDE_STYLE( '', ( #805 ) );
#473 = EDGE_LOOP( '', ( #806 ) );
#474 = EDGE_LOOP( '', ( #807, #808, #809, #810 ) );
#475 = AXIS2_PLACEMENT_3D( '', #811, #812, #813 );
#476 = SURFACE_SIDE_STYLE( '', ( #814 ) );
#477 = EDGE_LOOP( '', ( #815 ) );
#478 = EDGE_LOOP( '', ( #816 ) );
#479 = AXIS2_PLACEMENT_3D( '', #817, #818, #819 );
#480 = SURFACE_SIDE_STYLE( '', ( #820 ) );
#481 = EDGE_LOOP( '', ( #821, #822, #823, #824 ) );
#482 = AXIS2_PLACEMENT_3D( '', #825, #826, #827 );
#483 = SURFACE_SIDE_STYLE( '', ( #828 ) );
#484 = EDGE_LOOP( '', ( #829 ) );
#485 = EDGE_LOOP( '', ( #830, #831, #832, #833 ) );
#486 = AXIS2_PLACEMENT_3D( '', #834, #835, #836 );
#487 = SURFACE_SIDE_STYLE( '', ( #837 ) );
#488 = EDGE_LOOP( '', ( #838, #839, #840, #841 ) );
#489 = AXIS2_PLACEMENT_3D( '', #842, #843, #844 );
#490 = SURFACE_SIDE_STYLE( '', ( #845 ) );
#491 = EDGE_LOOP( '', ( #846, #847, #848, #849 ) );
#492 = EDGE_LOOP( '', ( #850 ) );
#493 = AXIS2_PLACEMENT_3D( '', #851, #852, #853 );
#494 = SURFACE_SIDE_STYLE( '', ( #854 ) );
#495 = EDGE_LOOP( '', ( #855, #856, #857, #858 ) );
#496 = AXIS2_PLACEMENT_3D( '', #859, #860, #861 );
#497 = SURFACE_SIDE_STYLE( '', ( #862 ) );
#498 = EDGE_LOOP( '', ( #863, #864, #865, #866 ) );
#499 = AXIS2_PLACEMENT_3D( '', #867, #868, #869 );
#500 = SURFACE_SIDE_STYLE( '', ( #870 ) );
#501 = EDGE_LOOP( '', ( #871 ) );
#502 = EDGE_LOOP( '', ( #872 ) );
#503 = AXIS2_PLACEMENT_3D( '', #873, #874, #875 );
#504 = SURFACE_SIDE_STYLE( '', ( #876 ) );
#505 = EDGE_LOOP( '', ( #877 ) );
#506 = EDGE_LOOP( '', ( #878 ) );
#507 = EDGE_LOOP( '', ( #879, #880, #881, #882 ) );
#508 = AXIS2_PLACEMENT_3D( '', #883, #884, #885 );
#509 = SURFACE_SIDE_STYLE( '', ( #886 ) );
#510 = EDGE_LOOP( '', ( #887, #888, #889, #890, #891, #892, #893, #894, #895, #896, #897, #898, #899, #900, #901, #902, #903, #904, #905, #906 ) );
#511 = AXIS2_PLACEMENT_3D( '', #907, #908, #909 );
#512 = SURFACE_SIDE_STYLE( '', ( #910 ) );
#513 = EDGE_LOOP( '', ( #911, #912, #913, #914 ) );
#514 = AXIS2_PLACEMENT_3D( '', #915, #916, #917 );
#515 = SURFACE_SIDE_STYLE( '', ( #918 ) );
#516 = EDGE_LOOP( '', ( #919, #920, #921, #922 ) );
#517 = AXIS2_PLACEMENT_3D( '', #923, #924, #925 );
#518 = SURFACE_SIDE_STYLE( '', ( #926 ) );
#519 = EDGE_LOOP( '', ( #927, #928, #929, #930 ) );
#520 = AXIS2_PLACEMENT_3D( '', #931, #932, #933 );
#521 = SURFACE_SIDE_STYLE( '', ( #934 ) );
#522 = EDGE_LOOP( '', ( #935, #936, #937, #938 ) );
#523 = EDGE_LOOP( '', ( #939 ) );
#524 = AXIS2_PLACEMENT_3D( '', #940, #941, #942 );
#525 = SURFACE_SIDE_STYLE( '', ( #943 ) );
#526 = EDGE_LOOP( '', ( #944 ) );
#527 = EDGE_LOOP( '', ( #945, #946, #947, #948, #949, #950, #951, #952, #953, #954, #955, #956, #957, #958, #959, #960, #961, #962, #963, #964 ) );
#528 = EDGE_LOOP( '', ( #965 ) );
#529 = EDGE_LOOP( '', ( #966 ) );
#530 = EDGE_LOOP( '', ( #967 ) );
#531 = AXIS2_PLACEMENT_3D( '', #968, #969, #970 );
#532 = SURFACE_SIDE_STYLE( '', ( #971 ) );
#533 = EDGE_LOOP( '', ( #972 ) );
#534 = EDGE_LOOP( '', ( #973, #974, #975, #976 ) );
#535 = AXIS2_PLACEMENT_3D( '', #977, #978, #979 );
#536 = SURFACE_SIDE_STYLE( '', ( #980 ) );
#537 = EDGE_LOOP( '', ( #981, #982, #983, #984 ) );
#538 = AXIS2_PLACEMENT_3D( '', #985, #986, #987 );
#540 = SURFACE_STYLE_FILL_AREA( #988 );
#541 = ORIENTED_EDGE( '', *, *, #989, .T. );
#542 = ORIENTED_EDGE( '', *, *, #990, .F. );
#543 = ORIENTED_EDGE( '', *, *, #991, .F. );
#544 = ORIENTED_EDGE( '', *, *, #992, .T. );
#545 = CARTESIAN_POINT( '', ( -0.0396714907503072, 0.0635000000000000, 0.00215900000000000 ) );
#546 = DIRECTION( '', ( 0.00000000000000, -1.00000000000000, 0.00000000000000 ) );
#547 = DIRECTION( '', ( 0.00000000000000, 0.00000000000000, -1.00000000000000 ) );
#548 = SURFACE_STYLE_FILL_AREA( #993 );
#549 = ORIENTED_EDGE( '', *, *, #994, .T. );
#550 = ORIENTED_EDGE( '', *, *, #995, .F. );
#551 = ORIENTED_EDGE( '', *, *, #996, .F. );
#552 = ORIENTED_EDGE( '', *, *, #997, .T. );
#553 = CARTESIAN_POINT( '', ( 0.0283210000000000, 0.0571500000000000, 0.0259080000000000 ) );
#554 = DIRECTION( '', ( -0.00000000000000, -0.00000000000000, 1.00000000000000 ) );
#555 = DIRECTION( '', ( -1.00000000000000, 0.00000000000000, 0.00000000000000 ) );
#556 = SURFACE_STYLE_FILL_AREA( #998 );
#557 = ORIENTED_EDGE( '', *, *, #999, .T. );
#558 = ORIENTED_EDGE( '', *, *, #1000, .T. );
#559 = ORIENTED_EDGE( '', *, *, #1001, .T. );
#560 = ORIENTED_EDGE( '', *, *, #1002, .F. );
#561 = ORIENTED_EDGE( '', *, *, #1003, .F. );
#562 = ORIENTED_EDGE( '', *, *, #1004, .T. );
#563 = CARTESIAN_POINT( '', ( 0.00711842128617788, 0.0730250000000000, 0.00215900000000000 ) );
#564 = DIRECTION( '', ( 0.00000000000000, -1.00000000000000, 0.00000000000000 ) );
#565 = DIRECTION( '', ( 0.00000000000000, 0.00000000000000, -1.00000000000000 ) );
#566 = SURFACE_STYLE_FILL_AREA( #1005 );
#567 = ORIENTED_EDGE( '', *, *, #1006, .T. );
#568 = ORIENTED_EDGE( '', *, *, #992, .F. );
#569 = ORIENTED_EDGE( '', *, *, #1007, .T. );
#570 = ORIENTED_EDGE( '', *, *, #1008, .T. );
#571 = ORIENTED_EDGE( '', *, *, #1009, .T. );
#572 = ORIENTED_EDGE( '', *, *, #1010, .F. );
#573 = ORIENTED_EDGE( '', *, *, #1011, .T. );
#574 = ORIENTED_EDGE( '', *, *, #1012, .T. );
#575 = ORIENTED_EDGE( '', *, *, #1013, .T. );
#576 = ORIENTED_EDGE( '', *, *, #1014, .F. );
#577 = ORIENTED_EDGE( '', *, *, #1015, .F. );
#578 = ORIENTED_EDGE( '', *, *, #1016, .T. );
#579 = ORIENTED_EDGE( '', *, *, #1017, .F. );
#580 = ORIENTED_EDGE( '', *, *, #1018, .F. );
#581 = ORIENTED_EDGE( '', *, *, #1019, .F. );
#582 = ORIENTED_EDGE( '', *, *, #1020, .T. );
#583 = ORIENTED_EDGE( '', *, *, #1021, .F. );
#584 = ORIENTED_EDGE( '', *, *, #1022, .F. );
#585 = ORIENTED_EDGE( '', *, *, #1023, .F. );
#586 = ORIENTED_EDGE( '', *, *, #1002, .T. );
#587 = CARTESIAN_POINT( '', ( -0.0215900000000000, 0.00317500000000000, 0.00215900000000000 ) );
#588 = DIRECTION( '', ( 1.00000000000000, 0.00000000000000, 0.00000000000000 ) );
#589 = DIRECTION( '', ( 0.00000000000000, 0.00000000000000, -1.00000000000000 ) );
#590 = SURFACE_STYLE_FILL_AREA( #1024 );
#591 = ORIENTED_EDGE( '', *, *, #1025, .T. );
#592 = ORIENTED_EDGE( '', *, *, #999, .F. );
#593 = CARTESIAN_POINT( '', ( -0.00942340000000000, 0.0907230222428499, 0.0129540000000000 ) );
#594 = DIRECTION( '', ( -0.00000000000000, 1.00000000000000, -0.00000000000000 ) );
#595 = DIRECTION( '', ( 0.00000000000000, 0.00000000000000, -1.00000000000000 ) );
#596 = SURFACE_STYLE_FILL_AREA( #1026 );
#597 = ORIENTED_EDGE( '', *, *, #1027, .T. );
#598 = ORIENTED_EDGE( '', *, *, #1028, .F. );
#599 = ORIENTED_EDGE( '', *, *, #1029, .F. );
#600 = ORIENTED_EDGE( '', *, *, #1030, .T. );
#601 = CARTESIAN_POINT( '', ( 0.0232545483741761, -0.0635000000000000, 0.0259080000000000 ) );
#602 = DIRECTION( '', ( 0.00000000000000, 1.00000000000000, 0.00000000000000 ) );
#603 = DIRECTION( '', ( 0.00000000000000, 0.00000000000000, 1.00000000000000 ) );
#604 = SURFACE_STYLE_FILL_AREA( #1031 );
#605 = ORIENTED_EDGE( '', *, *, #1032, .T. );
#606 = ORIENTED_EDGE( '', *, *, #1033, .F. );
#607 = CARTESIAN_POINT( '', ( 0.0283210000000000, -0.0571500000000000, 0.00215900000000000 ) );
#608 = DIRECTION( '', ( -0.00000000000000, -0.00000000000000, 1.00000000000000 ) );
#609 = DIRECTION( '', ( -1.00000000000000, 0.00000000000000, 0.00000000000000 ) );
#610 = SURFACE_STYLE_FILL_AREA( #1034 );
#611 = ORIENTED_EDGE( '', *, *, #1035, .F. );
#612 = ORIENTED_EDGE( '', *, *, #1036, .F. );
#613 = ORIENTED_EDGE( '', *, *, #1037, .T. );
#614 = ORIENTED_EDGE( '', *, *, #995, .T. );
#615 = CARTESIAN_POINT( '', ( 0.0266312880328391, 0.0635000000000000, 0.0259080000000000 ) );
#616 = DIRECTION( '', ( 0.00000000000000, 1.00000000000000, 0.00000000000000 ) );
#617 = DIRECTION( '', ( 0.00000000000000, 0.00000000000000, 1.00000000000000 ) );
#618 = SURFACE_STYLE_FILL_AREA( #1038 );
#619 = ORIENTED_EDGE( '', *, *, #1039, .T. );
#620 = ORIENTED_EDGE( '', *, *, #1040, .F. );
#621 = CARTESIAN_POINT( '', ( -0.0283210000000000, 0.0571500000000000, 0.0259080000000000 ) );
#622 = DIRECTION( '', ( -0.00000000000000, -0.00000000000000, 1.00000000000000 ) );
#623 = DIRECTION( '', ( -1.00000000000000, 0.00000000000000, 0.00000000000000 ) );
#624 = SURFACE_STYLE_FILL_AREA( #1041 );
#625 = ORIENTED_EDGE( '', *, *, #1042, .F. );
#626 = ORIENTED_EDGE( '', *, *, #1020, .F. );
#627 = ORIENTED_EDGE( '', *, *, #1043, .T. );
#628 = ORIENTED_EDGE( '', *, *, #1044, .T. );
#629 = CARTESIAN_POINT( '', ( -0.0205543741468191, 0.0508000000000000, 0.0259080000000000 ) );
#630 = DIRECTION( '', ( 0.00000000000000, -1.00000000000000, 0.00000000000000 ) );
#631 = DIRECTION( '', ( 0.00000000000000, 0.00000000000000, -1.00000000000000 ) );
#632 = SURFACE_STYLE_FILL_AREA( #1045 );
#633 = ORIENTED_EDGE( '', *, *, #1046, .T. );
#634 = ORIENTED_EDGE( '', *, *, #1047, .T. );
#635 = ORIENTED_EDGE( '', *, *, #1048, .F. );
#636 = ORIENTED_EDGE( '', *, *, #1049, .F. );
#637 = ORIENTED_EDGE( '', *, *, #1050, .T. );
#638 = ORIENTED_EDGE( '', *, *, #1051, .T. );
#639 = ORIENTED_EDGE( '', *, *, #1052, .F. );
#640 = ORIENTED_EDGE( '', *, *, #1053, .F. );
#641 = ORIENTED_EDGE( '', *, *, #1054, .T. );
#642 = ORIENTED_EDGE( '', *, *, #1055, .T. );
#643 = ORIENTED_EDGE( '', *, *, #1013, .F. );
#644 = ORIENTED_EDGE( '', *, *, #1056, .T. );
#645 = ORIENTED_EDGE( '', *, *, #1057, .F. );
#646 = ORIENTED_EDGE( '', *, *, #1058, .F. );
#647 = ORIENTED_EDGE( '', *, *, #1009, .F. );
#648 = ORIENTED_EDGE( '', *, *, #1059, .T. );
#649 = ORIENTED_EDGE( '', *, *, #1060, .F. );
#650 = ORIENTED_EDGE( '', *, *, #989, .F. );
#651 = ORIENTED_EDGE( '', *, *, #1006, .F. );
#652 = ORIENTED_EDGE( '', *, *, #1001, .F. );
#653 = ORIENTED_EDGE( '', *, *, #1061, .T. );
#654 = ORIENTED_EDGE( '', *, *, #1033, .T. );
#655 = ORIENTED_EDGE( '', *, *, #1062, .T. );
#656 = ORIENTED_EDGE( '', *, *, #1063, .T. );
#657 = CARTESIAN_POINT( '', ( 0.00000000000000, 0.00000000000000, 0.00000000000000 ) );
#658 = DIRECTION( '', ( 0.00000000000000, 0.00000000000000, 1.00000000000000 ) );
#659 = DIRECTION( '', ( 1.00000000000000, 0.00000000000000, 0.00000000000000 ) );
#660 = SURFACE_STYLE_FILL_AREA( #1064 );
#661 = ORIENTED_EDGE( '', *, *, #1060, .T. );
#662 = ORIENTED_EDGE( '', *, *, #1065, .F. );
#663 = ORIENTED_EDGE( '', *, *, #1066, .F. );
#664 = ORIENTED_EDGE( '', *, *, #990, .T. );
#665 = CARTESIAN_POINT( '', ( -0.0283210000000000, 0.0571500000000000, 0.00215900000000000 ) );
#666 = DIRECTION( '', ( -0.00000000000000, -0.00000000000000, 1.00000000000000 ) );
#667 = DIRECTION( '', ( -1.00000000000000, 0.00000000000000, 0.00000000000000 ) );
#668 = SURFACE_STYLE_FILL_AREA( #1067 );
#669 = ORIENTED_EDGE( '', *, *, #1068, .F. );
#670 = ORIENTED_EDGE( '', *, *, #1069, .T. );
#671 = ORIENTED_EDGE( '', *, *, #1070, .F. );
#672 = ORIENTED_EDGE( '', *, *, #1027, .F. );
#673 = ORIENTED_EDGE( '', *, *, #1071, .T. );
#674 = CARTESIAN_POINT( '', ( 4.16333634234433E-17, -2.77555756156289E-17, 0.0237490000000000 ) );
#675 = DIRECTION( '', ( 0.00000000000000, 0.00000000000000, 1.00000000000000 ) );
#676 = DIRECTION( '', ( 1.00000000000000, 0.00000000000000, 0.00000000000000 ) );
#677 = SURFACE_STYLE_FILL_AREA( #1072 );
#678 = ORIENTED_EDGE( '', *, *, #1073, .T. );
#679 = ORIENTED_EDGE( '', *, *, #1062, .F. );
#680 = CARTESIAN_POINT( '', ( -0.0283210000000000, 0.0571500000000000, 0.00215900000000000 ) );
#681 = DIRECTION( '', ( -0.00000000000000, -0.00000000000000, 1.00000000000000 ) );
#682 = DIRECTION( '', ( -1.00000000000000, 0.00000000000000, 0.00000000000000 ) );
#683 = SURFACE_STYLE_FILL_AREA( #1074 );
#684 = ORIENTED_EDGE( '', *, *, #1075, .T. );
#685 = ORIENTED_EDGE( '', *, *, #1076, .F. );
#686 = ORIENTED_EDGE( '', *, *, #1077, .F. );
#687 = ORIENTED_EDGE( '', *, *, #1018, .T. );
#688 = CARTESIAN_POINT( '', ( -0.0574735612857025, -0.0508000000000000, 0.0259080000000000 ) );
#689 = DIRECTION( '', ( 1.22464679914735E-16, -1.00000000000000, 0.00000000000000 ) );
#690 = DIRECTION( '', ( 1.00000000000000, 1.22464679914735E-16, 0.00000000000000 ) );
#691 = SURFACE_STYLE_FILL_AREA( #1078 );
#692 = ORIENTED_EDGE( '', *, *, #1079, .F. );
#693 = ORIENTED_EDGE( '', *, *, #1016, .F. );
#694 = ORIENTED_EDGE( '', *, *, #1080, .T. );
#695 = ORIENTED_EDGE( '', *, *, #1081, .T. );
#696 = CARTESIAN_POINT( '', ( -0.0205543741468191, -0.0635000000000000, 0.0259080000000000 ) );
#697 = DIRECTION( '', ( 1.22464679914735E-16, -1.00000000000000, 0.00000000000000 ) );
#698 = DIRECTION( '', ( 1.00000000000000, 1.22464679914735E-16, 0.00000000000000 ) );
#699 = SURFACE_STYLE_FILL_AREA( #1082 );
#700 = ORIENTED_EDGE( '', *, *, #1032, .F. );
#701 = ORIENTED_EDGE( '', *, *, #1083, .F. );
#702 = ORIENTED_EDGE( '', *, *, #1084, .T. );
#703 = ORIENTED_EDGE( '', *, *, #1085, .T. );
#704 = ORIENTED_EDGE( '', *, *, #1086, .T. );
#705 = CARTESIAN_POINT( '', ( 0.00000000000000, 0.00000000000000, 0.00215900000000000 ) );
#706 = DIRECTION( '', ( 0.00000000000000, 0.00000000000000, 1.00000000000000 ) );
#707 = DIRECTION( '', ( 1.00000000000000, 0.00000000000000, 0.00000000000000 ) );
#708 = SURFACE_STYLE_FILL_AREA( #1087 );
#709 = ORIENTED_EDGE( '', *, *, #1007, .F. );
#710 = ORIENTED_EDGE( '', *, *, #991, .T. );
#711 = ORIENTED_EDGE( '', *, *, #1066, .T. );
#712 = ORIENTED_EDGE( '', *, *, #1088, .F. );
#713 = ORIENTED_EDGE( '', *, *, #1073, .F. );
#714 = CARTESIAN_POINT( '', ( 0.00000000000000, 0.00000000000000, 0.00215900000000000 ) );
#715 = DIRECTION( '', ( 0.00000000000000, 0.00000000000000, 1.00000000000000 ) );
#716 = DIRECTION( '', ( 1.00000000000000, 0.00000000000000, 0.00000000000000 ) );
#717 = SURFACE_STYLE_FILL_AREA( #1089 );
#718 = ORIENTED_EDGE( '', *, *, #1052, .T. );
#719 = ORIENTED_EDGE( '', *, *, #1090, .F. );
#720 = ORIENTED_EDGE( '', *, *, #1086, .F. );
#721 = ORIENTED_EDGE( '', *, *, #1091, .T. );
#722 = CARTESIAN_POINT( '', ( 0.0283210000000000, -0.0571500000000000, 0.00215900000000000 ) );
#723 = DIRECTION( '', ( -0.00000000000000, -0.00000000000000, 1.00000000000000 ) );
#724 = DIRECTION( '', ( -1.00000000000000, 0.00000000000000, 0.00000000000000 ) );
#725 = SURFACE_STYLE_FILL_AREA( #1092 );
#726 = ORIENTED_EDGE( '', *, *, #1059, .F. );
#727 = ORIENTED_EDGE( '', *, *, #1008, .F. );
#728 = ORIENTED_EDGE( '', *, *, #1088, .T. );
#729 = ORIENTED_EDGE( '', *, *, #1065, .T. );
#730 = CARTESIAN_POINT( '', ( -0.0205543741468191, 0.0508000000000000, 0.00215900000000000 ) );
#731 = DIRECTION( '', ( 0.00000000000000, -1.00000000000000, 0.00000000000000 ) );
#732 = DIRECTION( '', ( 0.00000000000000, 0.00000000000000, -1.00000000000000 ) );
#733 = SURFACE_STYLE_FILL_AREA( #1093 );
#734 = ORIENTED_EDGE( '', *, *, #1057, .T. );
#735 = ORIENTED_EDGE( '', *, *, #1094, .F. );
#736 = ORIENTED_EDGE( '', *, *, #1095, .F. );
#737 = ORIENTED_EDGE( '', *, *, #1096, .T. );
#738 = CARTESIAN_POINT( '', ( -0.0283210000000000, -0.0571500000000000, 0.00215900000000000 ) );
#739 = DIRECTION( '', ( -0.00000000000000, -0.00000000000000, 1.00000000000000 ) );
#740 = DIRECTION( '', ( -1.00000000000000, 0.00000000000000, 0.00000000000000 ) );
#741 = SURFACE_STYLE_FILL_AREA( #1097 );
#742 = ORIENTED_EDGE( '', *, *, #1098, .T. );
#743 = ORIENTED_EDGE( '', *, *, #1081, .F. );
#744 = ORIENTED_EDGE( '', *, *, #1099, .F. );
#745 = ORIENTED_EDGE( '', *, *, #1076, .T. );
#746 = CARTESIAN_POINT( '', ( -0.0283210000000000, -0.0571500000000000, 0.0259080000000000 ) );
#747 = DIRECTION( '', ( -0.00000000000000, -0.00000000000000, 1.00000000000000 ) );
#748 = DIRECTION( '', ( -1.00000000000000, 0.00000000000000, 0.00000000000000 ) );
#749 = SURFACE_STYLE_FILL_AREA( #1100 );
#750 = ORIENTED_EDGE( '', *, *, #1101, .T. );
#751 = ORIENTED_EDGE( '', *, *, #1063, .F. );
#752 = CARTESIAN_POINT( '', ( -0.0283210000000000, -0.0571500000000000, 0.00215900000000000 ) );
#753 = DIRECTION( '', ( -0.00000000000000, -0.00000000000000, 1.00000000000000 ) );
#754 = DIRECTION( '', ( -1.00000000000000, 0.00000000000000, 0.00000000000000 ) );
#755 = SURFACE_STYLE_FILL_AREA( #1102 );
#756 = ORIENTED_EDGE( '', *, *, #1103, .T. );
#757 = ORIENTED_EDGE( '', *, *, #1104, .F. );
#758 = CARTESIAN_POINT( '', ( 0.0283210000000000, 0.0571500000000000, 0.0259080000000000 ) );
#759 = DIRECTION( '', ( -0.00000000000000, -0.00000000000000, 1.00000000000000 ) );
#760 = DIRECTION( '', ( -1.00000000000000, 0.00000000000000, 0.00000000000000 ) );
#761 = SURFACE_STYLE_FILL_AREA( #1105 );
#762 = ORIENTED_EDGE( '', *, *, #1106, .T. );
#763 = ORIENTED_EDGE( '', *, *, #1107, .F. );
#764 = ORIENTED_EDGE( '', *, *, #1108, .F. );
#765 = ORIENTED_EDGE( '', *, *, #1022, .T. );
#766 = CARTESIAN_POINT( '', ( -0.0400948240836405, 0.0635000000000000, 0.0259080000000000 ) );
#767 = DIRECTION( '', ( 0.00000000000000, -1.00000000000000, 0.00000000000000 ) );
#768 = DIRECTION( '', ( 0.00000000000000, 0.00000000000000, -1.00000000000000 ) );
#769 = SURFACE_STYLE_FILL_AREA( #1109 );
#770 = ORIENTED_EDGE( '', *, *, #1047, .F. );
#771 = ORIENTED_EDGE( '', *, *, #1110, .F. );
#772 = ORIENTED_EDGE( '', *, *, #1111, .T. );
#773 = ORIENTED_EDGE( '', *, *, #1112, .T. );
#774 = CARTESIAN_POINT( '', ( 0.0270546213661724, 0.0635000000000000, 0.00215900000000000 ) );
#775 = DIRECTION( '', ( 0.00000000000000, 1.00000000000000, 0.00000000000000 ) );
#776 = DIRECTION( '', ( 0.00000000000000, 0.00000000000000, 1.00000000000000 ) );
#777 = SURFACE_STYLE_FILL_AREA( #1113 );
#778 = ORIENTED_EDGE( '', *, *, #1053, .T. );
#779 = ORIENTED_EDGE( '', *, *, #1091, .F. );
#780 = ORIENTED_EDGE( '', *, *, #1085, .F. );
#781 = ORIENTED_EDGE( '', *, *, #1114, .T. );
#782 = CARTESIAN_POINT( '', ( 0.0232545483741760, -0.0635000000000000, 0.00215900000000000 ) );
#783 = DIRECTION( '', ( 0.00000000000000, 1.00000000000000, 0.00000000000000 ) );
#784 = DIRECTION( '', ( 0.00000000000000, 0.00000000000000, 1.00000000000000 ) );
#785 = SURFACE_STYLE_FILL_AREA( #1115 );
#786 = ORIENTED_EDGE( '', *, *, #1116, .T. );
#787 = ORIENTED_EDGE( '', *, *, #1071, .F. );
#788 = CARTESIAN_POINT( '', ( 0.0283210000000000, -0.0571500000000000, 0.0259080000000000 ) );
#789 = DIRECTION( '', ( -0.00000000000000, -0.00000000000000, 1.00000000000000 ) );
#790 = DIRECTION( '', ( -1.00000000000000, 0.00000000000000, 0.00000000000000 ) );
#791 = SURFACE_STYLE_FILL_AREA( #1117 );
#792 = ORIENTED_EDGE( '', *, *, #1048, .T. );
#793 = ORIENTED_EDGE( '', *, *, #1112, .F. );
#794 = ORIENTED_EDGE( '', *, *, #1118, .F. );
#795 = ORIENTED_EDGE( '', *, *, #1119, .T. );
#796 = CARTESIAN_POINT( '', ( 0.0283210000000000, 0.0571500000000000, 0.00215900000000000 ) );
#797 = DIRECTION( '', ( -0.00000000000000, -0.00000000000000, 1.00000000000000 ) );
#798 = DIRECTION( '', ( -1.00000000000000, 0.00000000000000, 0.00000000000000 ) );
#799 = SURFACE_STYLE_FILL_AREA( #1120 );
#800 = ORIENTED_EDGE( '', *, *, #1121, .T. );
#801 = ORIENTED_EDGE( '', *, *, #1122, .F. );
#802 = CARTESIAN_POINT( '', ( -0.0283210000000000, -0.0571500000000000, 0.0259080000000000 ) );
#803 = DIRECTION( '', ( -0.00000000000000, -0.00000000000000, 1.00000000000000 ) );
#804 = DIRECTION( '', ( -1.00000000000000, 0.00000000000000, 0.00000000000000 ) );
#805 = SURFACE_STYLE_FILL_AREA( #1123 );
#806 = ORIENTED_EDGE( '', *, *, #1040, .T. );
#807 = ORIENTED_EDGE( '', *, *, #1106, .F. );
#808 = ORIENTED_EDGE( '', *, *, #1021, .T. );
#809 = ORIENTED_EDGE( '', *, *, #1042, .T. );
#810 = ORIENTED_EDGE( '', *, *, #1124, .F. );
#811 = CARTESIAN_POINT( '', ( 4.16333634234433E-17, -2.77555756156289E-17, 0.0237490000000000 ) );
#812 = DIRECTION( '', ( 0.00000000000000, 0.00000000000000, 1.00000000000000 ) );
#813 = DIRECTION( '', ( 1.00000000000000, 0.00000000000000, 0.00000000000000 ) );
#814 = SURFACE_STYLE_FILL_AREA( #1125 );
#815 = ORIENTED_EDGE( '', *, *, #1126, .T. );
#816 = ORIENTED_EDGE( '', *, *, #1046, .F. );
#817 = CARTESIAN_POINT( '', ( 0.0283210000000000, 0.0571500000000000, 0.00215900000000000 ) );
#818 = DIRECTION( '', ( -0.00000000000000, -0.00000000000000, 1.00000000000000 ) );
#819 = DIRECTION( '', ( -1.00000000000000, 0.00000000000000, 0.00000000000000 ) );
#820 = SURFACE_STYLE_FILL_AREA( #1127 );
#821 = ORIENTED_EDGE( '', *, *, #1051, .F. );
#822 = ORIENTED_EDGE( '', *, *, #1128, .F. );
#823 = ORIENTED_EDGE( '', *, *, #1083, .T. );
#824 = ORIENTED_EDGE( '', *, *, #1090, .T. );
#825 = CARTESIAN_POINT( '', ( 0.0263681361929493, -0.0508000000000000, 0.00215900000000000 ) );
#826 = DIRECTION( '', ( 0.00000000000000, 1.00000000000000, 0.00000000000000 ) );
#827 = DIRECTION( '', ( 0.00000000000000, 0.00000000000000, 1.00000000000000 ) );
#828 = SURFACE_STYLE_FILL_AREA( #1129 );
#829 = ORIENTED_EDGE( '', *, *, #1122, .T. );
#830 = ORIENTED_EDGE( '', *, *, #1075, .F. );
#831 = ORIENTED_EDGE( '', *, *, #1017, .T. );
#832 = ORIENTED_EDGE( '', *, *, #1079, .T. );
#833 = ORIENTED_EDGE( '', *, *, #1098, .F. );
#834 = CARTESIAN_POINT( '', ( 4.16333634234433E-17, -2.77555756156289E-17, 0.0237490000000000 ) );
#835 = DIRECTION( '', ( 0.00000000000000, 0.00000000000000, 1.00000000000000 ) );
#836 = DIRECTION( '', ( 1.00000000000000, 0.00000000000000, 0.00000000000000 ) );
#837 = SURFACE_STYLE_FILL_AREA( #1130 );
#838 = ORIENTED_EDGE( '', *, *, #1070, .T. );
#839 = ORIENTED_EDGE( '', *, *, #1131, .F. );
#840 = ORIENTED_EDGE( '', *, *, #1132, .F. );
#841 = ORIENTED_EDGE( '', *, *, #1028, .T. );
#842 = CARTESIAN_POINT( '', ( 0.0283210000000000, -0.0571500000000000, 0.0259080000000000 ) );
#843 = DIRECTION( '', ( -0.00000000000000, -0.00000000000000, 1.00000000000000 ) );
#844 = DIRECTION( '', ( -1.00000000000000, 0.00000000000000, 0.00000000000000 ) );
#845 = SURFACE_STYLE_FILL_AREA( #1133 );
#846 = ORIENTED_EDGE( '', *, *, #1011, .F. );
#847 = ORIENTED_EDGE( '', *, *, #1134, .T. );
#848 = ORIENTED_EDGE( '', *, *, #1095, .T. );
#849 = ORIENTED_EDGE( '', *, *, #1135, .F. );
#850 = ORIENTED_EDGE( '', *, *, #1101, .F. );
#851 = CARTESIAN_POINT( '', ( 0.00000000000000, 0.00000000000000, 0.00215900000000000 ) );
#852 = DIRECTION( '', ( 0.00000000000000, 0.00000000000000, 1.00000000000000 ) );
#853 = DIRECTION( '', ( 1.00000000000000, 0.00000000000000, 0.00000000000000 ) );
#854 = SURFACE_STYLE_FILL_AREA( #1136 );
#855 = ORIENTED_EDGE( '', *, *, #1069, .F. );
#856 = ORIENTED_EDGE( '', *, *, #1137, .F. );
#857 = ORIENTED_EDGE( '', *, *, #1138, .T. );
#858 = ORIENTED_EDGE( '', *, *, #1131, .T. );
#859 = CARTESIAN_POINT( '', ( 0.0263681361929493, -0.0508000000000000, 0.0259080000000000 ) );
#860 = DIRECTION( '', ( 0.00000000000000, 1.00000000000000, 0.00000000000000 ) );
#861 = DIRECTION( '', ( 0.00000000000000, 0.00000000000000, 1.00000000000000 ) );
#862 = SURFACE_STYLE_FILL_AREA( #1139 );
#863 = ORIENTED_EDGE( '', *, *, #1140, .T. );
#864 = ORIENTED_EDGE( '', *, *, #997, .F. );
#865 = ORIENTED_EDGE( '', *, *, #1141, .F. );
#866 = ORIENTED_EDGE( '', *, *, #1142, .T. );
#867 = CARTESIAN_POINT( '', ( 0.0232545483741761, 0.0508000000000000, 0.0259080000000000 ) );
#868 = DIRECTION( '', ( 6.12323399573677E-17, 1.00000000000000, 0.00000000000000 ) );
#869 = DIRECTION( '', ( -1.00000000000000, 6.12323399573677E-17, 0.00000000000000 ) );
#870 = SURFACE_STYLE_FILL_AREA( #1143 );
#871 = ORIENTED_EDGE( '', *, *, #1144, .T. );
#872 = ORIENTED_EDGE( '', *, *, #1000, .F. );
#873 = CARTESIAN_POINT( '', ( 0.00942340000000000, 0.0907230222428499, 0.0129540000000000 ) );
#874 = DIRECTION( '', ( -0.00000000000000, 1.00000000000000, -0.00000000000000 ) );
#875 = DIRECTION( '', ( 0.00000000000000, 0.00000000000000, -1.00000000000000 ) );
#876 = SURFACE_STYLE_FILL_AREA( #1145 );
#877 = ORIENTED_EDGE( '', *, *, #1025, .F. );
#878 = ORIENTED_EDGE( '', *, *, #1144, .F. );
#879 = ORIENTED_EDGE( '', *, *, #1055, .F. );
#880 = ORIENTED_EDGE( '', *, *, #1146, .F. );
#881 = ORIENTED_EDGE( '', *, *, #1147, .T. );
#882 = ORIENTED_EDGE( '', *, *, #1014, .T. );
#883 = CARTESIAN_POINT( '', ( -7.10152422978005E-18, -0.0730250000000000, 0.00215900000000000 ) );
#884 = DIRECTION( '', ( 0.00000000000000, -1.00000000000000, 0.00000000000000 ) );
#885 = DIRECTION( '', ( 0.00000000000000, 0.00000000000000, -1.00000000000000 ) );
#886 = SURFACE_STYLE_FILL_AREA( #1148 );
#887 = ORIENTED_EDGE( '', *, *, #1061, .F. );
#888 = ORIENTED_EDGE( '', *, *, #1004, .F. );
#889 = ORIENTED_EDGE( '', *, *, #1149, .T. );
#890 = ORIENTED_EDGE( '', *, *, #1036, .T. );
#891 = ORIENTED_EDGE( '', *, *, #1150, .T. );
#892 = ORIENTED_EDGE( '', *, *, #1142, .F. );
#893 = ORIENTED_EDGE( '', *, *, #1151, .T. );
#894 = ORIENTED_EDGE( '', *, *, #1137, .T. );
#895 = ORIENTED_EDGE( '', *, *, #1068, .T. );
#896 = ORIENTED_EDGE( '', *, *, #1030, .F. );
#897 = ORIENTED_EDGE( '', *, *, #1152, .T. );
#898 = ORIENTED_EDGE( '', *, *, #1146, .T. );
#899 = ORIENTED_EDGE( '', *, *, #1054, .F. );
#900 = ORIENTED_EDGE( '', *, *, #1114, .F. );
#901 = ORIENTED_EDGE( '', *, *, #1084, .F. );
#902 = ORIENTED_EDGE( '', *, *, #1128, .T. );
#903 = ORIENTED_EDGE( '', *, *, #1050, .F. );
#904 = ORIENTED_EDGE( '', *, *, #1153, .F. );
#905 = ORIENTED_EDGE( '', *, *, #1154, .F. );
#906 = ORIENTED_EDGE( '', *, *, #1110, .T. );
#907 = CARTESIAN_POINT( '', ( 0.0215900000000000, 0.00317500000000000, 0.00215900000000000 ) );
#908 = DIRECTION( '', ( 1.00000000000000, 0.00000000000000, 0.00000000000000 ) );
#909 = DIRECTION( '', ( 0.00000000000000, 0.00000000000000, -1.00000000000000 ) );
#910 = SURFACE_STYLE_FILL_AREA( #1155 );
#911 = ORIENTED_EDGE( '', *, *, #1058, .T. );
#912 = ORIENTED_EDGE( '', *, *, #1096, .F. );
#913 = ORIENTED_EDGE( '', *, *, #1134, .F. );
#914 = ORIENTED_EDGE( '', *, *, #1010, .T. );
#915 = CARTESIAN_POINT( '', ( -0.0574735612857025, -0.0508000000000000, 0.00215900000000000 ) );
#916 = DIRECTION( '', ( 1.22464679914735E-16, -1.00000000000000, 0.00000000000000 ) );
#917 = DIRECTION( '', ( 1.00000000000000, 1.22464679914735E-16, 0.00000000000000 ) );
#918 = SURFACE_STYLE_FILL_AREA( #1156 );
#919 = ORIENTED_EDGE( '', *, *, #1049, .T. );
#920 = ORIENTED_EDGE( '', *, *, #1119, .F. );
#921 = ORIENTED_EDGE( '', *, *, #1157, .F. );
#922 = ORIENTED_EDGE( '', *, *, #1153, .T. );
#923 = CARTESIAN_POINT( '', ( 0.0232545483741760, 0.0508000000000000, 0.00215900000000000 ) );
#924 = DIRECTION( '', ( 0.00000000000000, 1.00000000000000, 0.00000000000000 ) );
#925 = DIRECTION( '', ( 0.00000000000000, 0.00000000000000, 1.00000000000000 ) );
#926 = SURFACE_STYLE_FILL_AREA( #1158 );
#927 = ORIENTED_EDGE( '', *, *, #1124, .T. );
#928 = ORIENTED_EDGE( '', *, *, #1044, .F. );
#929 = ORIENTED_EDGE( '', *, *, #1159, .F. );
#930 = ORIENTED_EDGE( '', *, *, #1107, .T. );
#931 = CARTESIAN_POINT( '', ( -0.0283210000000000, 0.0571500000000000, 0.0259080000000000 ) );
#932 = DIRECTION( '', ( -0.00000000000000, -0.00000000000000, 1.00000000000000 ) );
#933 = DIRECTION( '', ( -1.00000000000000, 0.00000000000000, 0.00000000000000 ) );
#934 = SURFACE_STYLE_FILL_AREA( #1160 );
#935 = ORIENTED_EDGE( '', *, *, #1150, .F. );
#936 = ORIENTED_EDGE( '', *, *, #1035, .T. );
#937 = ORIENTED_EDGE( '', *, *, #994, .F. );
#938 = ORIENTED_EDGE( '', *, *, #1140, .F. );
#939 = ORIENTED_EDGE( '', *, *, #1104, .T. );
#940 = CARTESIAN_POINT( '', ( 4.16333634234433E-17, -2.77555756156289E-17, 0.0237490000000000 ) );
#941 = DIRECTION( '', ( 0.00000000000000, 0.00000000000000, 1.00000000000000 ) );
#942 = DIRECTION( '', ( 1.00000000000000, 0.00000000000000, 0.00000000000000 ) );
#943 = SURFACE_STYLE_FILL_AREA( #1161 );
#944 = ORIENTED_EDGE( '', *, *, #1103, .F. );
#945 = ORIENTED_EDGE( '', *, *, #1037, .F. );
#946 = ORIENTED_EDGE( '', *, *, #1149, .F. );
#947 = ORIENTED_EDGE( '', *, *, #1003, .T. );
#948 = ORIENTED_EDGE( '', *, *, #1023, .T. );
#949 = ORIENTED_EDGE( '', *, *, #1108, .T. );
#950 = ORIENTED_EDGE( '', *, *, #1159, .T. );
#951 = ORIENTED_EDGE( '', *, *, #1043, .F. );
#952 = ORIENTED_EDGE( '', *, *, #1019, .T. );
#953 = ORIENTED_EDGE( '', *, *, #1077, .T. );
#954 = ORIENTED_EDGE( '', *, *, #1099, .T. );
#955 = ORIENTED_EDGE( '', *, *, #1080, .F. );
#956 = ORIENTED_EDGE( '', *, *, #1015, .T. );
#957 = ORIENTED_EDGE( '', *, *, #1147, .F. );
#958 = ORIENTED_EDGE( '', *, *, #1152, .F. );
#959 = ORIENTED_EDGE( '', *, *, #1029, .T. );
#960 = ORIENTED_EDGE( '', *, *, #1132, .T. );
#961 = ORIENTED_EDGE( '', *, *, #1138, .F. );
#962 = ORIENTED_EDGE( '', *, *, #1151, .F. );
#963 = ORIENTED_EDGE( '', *, *, #1141, .T. );
#964 = ORIENTED_EDGE( '', *, *, #996, .T. );
#965 = ORIENTED_EDGE( '', *, *, #1116, .F. );
#966 = ORIENTED_EDGE( '', *, *, #1039, .F. );
#967 = ORIENTED_EDGE( '', *, *, #1121, .F. );
#968 = CARTESIAN_POINT( '', ( 4.16333634234433E-17, -2.77555756156289E-17, 0.0259080000000000 ) );
#969 = DIRECTION( '', ( 0.00000000000000, 0.00000000000000, 1.00000000000000 ) );
#970 = DIRECTION( '', ( 1.00000000000000, 0.00000000000000, 0.00000000000000 ) );
#971 = SURFACE_STYLE_FILL_AREA( #1162 );
#972 = ORIENTED_EDGE( '', *, *, #1126, .F. );
#973 = ORIENTED_EDGE( '', *, *, #1111, .F. );
#974 = ORIENTED_EDGE( '', *, *, #1154, .T. );
#975 = ORIENTED_EDGE( '', *, *, #1157, .T. );
#976 = ORIENTED_EDGE( '', *, *, #1118, .T. );
#977 = CARTESIAN_POINT( '', ( 0.00000000000000, 0.00000000000000, 0.00215900000000000 ) );
#978 = DIRECTION( '', ( 0.00000000000000, 0.00000000000000, 1.00000000000000 ) );
#979 = DIRECTION( '', ( 1.00000000000000, 0.00000000000000, 0.00000000000000 ) );
#980 = SURFACE_STYLE_FILL_AREA( #1163 );
#981 = ORIENTED_EDGE( '', *, *, #1056, .F. );
#982 = ORIENTED_EDGE( '', *, *, #1012, .F. );
#983 = ORIENTED_EDGE( '', *, *, #1135, .T. );
#984 = ORIENTED_EDGE( '', *, *, #1094, .T. );
#985 = CARTESIAN_POINT( '', ( -0.0205543741468191, -0.0635000000000000, 0.00215900000000000 ) );
#986 = DIRECTION( '', ( 1.22464679914735E-16, -1.00000000000000, 0.00000000000000 ) );
#987 = DIRECTION( '', ( 1.00000000000000, 1.22464679914735E-16, 0.00000000000000 ) );
#988 = FILL_AREA_STYLE( '', ( #1164 ) );
#989 = EDGE_CURVE( '', #1165, #1166, #1167, .T. );
#990 = EDGE_CURVE( '', #1168, #1166, #1169, .T. );
#991 = EDGE_CURVE( '', #1170, #1168, #1171, .T. );
#992 = EDGE_CURVE( '', #1170, #1165, #1172, .T. );
#993 = FILL_AREA_STYLE( '', ( #1173 ) );
#994 = EDGE_CURVE( '', #1174, #1175, #1176, .T. );
#995 = EDGE_CURVE( '', #1177, #1175, #1178, .T. );
#996 = EDGE_CURVE( '', #1179, #1177, #1180, .T. );
#997 = EDGE_CURVE( '', #1179, #1174, #1181, .T. );
#998 = FILL_AREA_STYLE( '', ( #1182 ) );
#999 = EDGE_CURVE( '', #1183, #1183, #1184, .T. );
#1000 = EDGE_CURVE( '', #1185, #1185, #1186, .T. );
#1001 = EDGE_CURVE( '', #1187, #1188, #1189, .T. );
#1002 = EDGE_CURVE( '', #1190, #1188, #1191, .T. );
#1003 = EDGE_CURVE( '', #1192, #1190, #1193, .T. );
#1004 = EDGE_CURVE( '', #1192, #1187, #1194, .T. );
#1005 = FILL_AREA_STYLE( '', ( #1195 ) );
#1006 = EDGE_CURVE( '', #1188, #1165, #1196, .T. );
#1007 = EDGE_CURVE( '', #1170, #1197, #1198, .T. );
#1008 = EDGE_CURVE( '', #1197, #1199, #1200, .T. );
#1009 = EDGE_CURVE( '', #1199, #1201, #1202, .T. );
#1010 = EDGE_CURVE( '', #1203, #1201, #1204, .T. );
#1011 = EDGE_CURVE( '', #1203, #1205, #1206, .T. );
#1012 = EDGE_CURVE( '', #1205, #1207, #1208, .T. );
#1013 = EDGE_CURVE( '', #1207, #1209, #1210, .T. );
#1014 = EDGE_CURVE( '', #1211, #1209, #1212, .T. );
#1015 = EDGE_CURVE( '', #1213, #1211, #1214, .T. );
#1016 = EDGE_CURVE( '', #1213, #1215, #1216, .T. );
#1017 = EDGE_CURVE( '', #1217, #1215, #1218, .T. );
#1018 = EDGE_CURVE( '', #1219, #1217, #1220, .T. );
#1019 = EDGE_CURVE( '', #1221, #1219, #1222, .T. );
#1020 = EDGE_CURVE( '', #1221, #1223, #1224, .T. );
#1021 = EDGE_CURVE( '', #1225, #1223, #1226, .T. );
#1022 = EDGE_CURVE( '', #1227, #1225, #1228, .T. );
#1023 = EDGE_CURVE( '', #1190, #1227, #1229, .T. );
#1024 = FILL_AREA_STYLE( '', ( #1230 ) );
#1025 = EDGE_CURVE( '', #1231, #1231, #1232, .T. );
#1026 = FILL_AREA_STYLE( '', ( #1233 ) );
#1027 = EDGE_CURVE( '', #1234, #1235, #1236, .T. );
#1028 = EDGE_CURVE( '', #1237, #1235, #1238, .T. );
#1029 = EDGE_CURVE( '', #1239, #1237, #1240, .T. );
#1030 = EDGE_CURVE( '', #1239, #1234, #1241, .T. );
#1031 = FILL_AREA_STYLE( '', ( #1242 ) );
#1032 = EDGE_CURVE( '', #1243, #1243, #1244, .T. );
#1033 = EDGE_CURVE( '', #1245, #1245, #1246, .T. );
#1034 = FILL_AREA_STYLE( '', ( #1247 ) );
#1035 = EDGE_CURVE( '', #1248, #1175, #1249, .T. );
#1036 = EDGE_CURVE( '', #1250, #1248, #1251, .T. );
#1037 = EDGE_CURVE( '', #1250, #1177, #1252, .T. );
#1038 = FILL_AREA_STYLE( '', ( #1253 ) );
#1039 = EDGE_CURVE( '', #1254, #1254, #1255, .T. );
#1040 = EDGE_CURVE( '', #1256, #1256, #1257, .T. );
#1041 = FILL_AREA_STYLE( '', ( #1258 ) );
#1042 = EDGE_CURVE( '', #1223, #1259, #1260, .T. );
#1043 = EDGE_CURVE( '', #1221, #1261, #1262, .T. );
#1044 = EDGE_CURVE( '', #1261, #1259, #1263, .T. );
#1045 = FILL_AREA_STYLE( '', ( #1264 ) );
#1046 = EDGE_CURVE( '', #1265, #1265, #1266, .T. );
#1047 = EDGE_CURVE( '', #1267, #1268, #1269, .T. );
#1048 = EDGE_CURVE( '', #1270, #1268, #1271, .T. );
#1049 = EDGE_CURVE( '', #1272, #1270, #1273, .T. );
#1050 = EDGE_CURVE( '', #1272, #1274, #1275, .T. );
#1051 = EDGE_CURVE( '', #1274, #1276, #1277, .T. );
#1052 = EDGE_CURVE( '', #1278, #1276, #1279, .T. );
#1053 = EDGE_CURVE( '', #1280, #1278, #1281, .T. );
#1054 = EDGE_CURVE( '', #1280, #1282, #1283, .T. );
#1055 = EDGE_CURVE( '', #1282, #1209, #1284, .T. );
#1056 = EDGE_CURVE( '', #1207, #1285, #1286, .T. );
#1057 = EDGE_CURVE( '', #1287, #1285, #1288, .T. );
#1058 = EDGE_CURVE( '', #1201, #1287, #1289, .T. );
#1059 = EDGE_CURVE( '', #1199, #1290, #1291, .T. );
#1060 = EDGE_CURVE( '', #1166, #1290, #1292, .T. );
#1061 = EDGE_CURVE( '', #1187, #1267, #1293, .T. );
#1062 = EDGE_CURVE( '', #1294, #1294, #1295, .T. );
#1063 = EDGE_CURVE( '', #1296, #1296, #1297, .T. );
#1064 = FILL_AREA_STYLE( '', ( #1298 ) );
#1065 = EDGE_CURVE( '', #1299, #1290, #1300, .T. );
#1066 = EDGE_CURVE( '', #1168, #1299, #1301, .T. );
#1067 = FILL_AREA_STYLE( '', ( #1302 ) );
#1068 = EDGE_CURVE( '', #1303, #1234, #1304, .T. );
#1069 = EDGE_CURVE( '', #1303, #1305, #1306, .T. );
#1070 = EDGE_CURVE( '', #1235, #1305, #1307, .T. );
#1071 = EDGE_CURVE( '', #1308, #1308, #1309, .T. );
#1072 = FILL_AREA_STYLE( '', ( #1310 ) );
#1073 = EDGE_CURVE( '', #1311, #1311, #1312, .T. );
#1074 = FILL_AREA_STYLE( '', ( #1313 ) );
#1075 = EDGE_CURVE( '', #1217, #1314, #1315, .T. );
#1076 = EDGE_CURVE( '', #1316, #1314, #1317, .T. );
#1077 = EDGE_CURVE( '', #1219, #1316, #1318, .T. );
#1078 = FILL_AREA_STYLE( '', ( #1319 ) );
#1079 = EDGE_CURVE( '', #1215, #1320, #1321, .T. );
#1080 = EDGE_CURVE( '', #1213, #1322, #1323, .T. );
#1081 = EDGE_CURVE( '', #1322, #1320, #1324, .T. );
#1082 = FILL_AREA_STYLE( '', ( #1325 ) );
#1083 = EDGE_CURVE( '', #1326, #1327, #1328, .T. );
#1084 = EDGE_CURVE( '', #1326, #1329, #1330, .T. );
#1085 = EDGE_CURVE( '', #1329, #1331, #1332, .T. );
#1086 = EDGE_CURVE( '', #1331, #1327, #1333, .T. );
#1087 = FILL_AREA_STYLE( '', ( #1334 ) );
#1088 = EDGE_CURVE( '', #1197, #1299, #1335, .T. );
#1089 = FILL_AREA_STYLE( '', ( #1336 ) );
#1090 = EDGE_CURVE( '', #1327, #1276, #1337, .T. );
#1091 = EDGE_CURVE( '', #1331, #1278, #1338, .T. );
#1092 = FILL_AREA_STYLE( '', ( #1339 ) );
#1093 = FILL_AREA_STYLE( '', ( #1340 ) );
#1094 = EDGE_CURVE( '', #1341, #1285, #1342, .T. );
#1095 = EDGE_CURVE( '', #1343, #1341, #1344, .T. );
#1096 = EDGE_CURVE( '', #1343, #1287, #1345, .T. );
#1097 = FILL_AREA_STYLE( '', ( #1346 ) );
#1098 = EDGE_CURVE( '', #1314, #1320, #1347, .T. );
#1099 = EDGE_CURVE( '', #1316, #1322, #1348, .T. );
#1100 = FILL_AREA_STYLE( '', ( #1349 ) );
#1101 = EDGE_CURVE( '', #1350, #1350, #1351, .T. );
#1102 = FILL_AREA_STYLE( '', ( #1352 ) );
#1103 = EDGE_CURVE( '', #1353, #1353, #1354, .T. );
#1104 = EDGE_CURVE( '', #1355, #1355, #1356, .T. );
#1105 = FILL_AREA_STYLE( '', ( #1357 ) );
#1106 = EDGE_CURVE( '', #1225, #1358, #1359, .T. );
#1107 = EDGE_CURVE( '', #1360, #1358, #1361, .T. );
#1108 = EDGE_CURVE( '', #1227, #1360, #1362, .T. );
#1109 = FILL_AREA_STYLE( '', ( #1363 ) );
#1110 = EDGE_CURVE( '', #1364, #1267, #1365, .T. );
#1111 = EDGE_CURVE( '', #1364, #1366, #1367, .T. );
#1112 = EDGE_CURVE( '', #1366, #1268, #1368, .T. );
#1113 = FILL_AREA_STYLE( '', ( #1369 ) );
#1114 = EDGE_CURVE( '', #1329, #1280, #1370, .T. );
#1115 = FILL_AREA_STYLE( '', ( #1371 ) );
#1116 = EDGE_CURVE( '', #1372, #1372, #1373, .T. );
#1117 = FILL_AREA_STYLE( '', ( #1374 ) );
#1118 = EDGE_CURVE( '', #1375, #1366, #1376, .T. );
#1119 = EDGE_CURVE( '', #1375, #1270, #1377, .T. );
#1120 = FILL_AREA_STYLE( '', ( #1378 ) );
#1121 = EDGE_CURVE( '', #1379, #1379, #1380, .T. );
#1122 = EDGE_CURVE( '', #1381, #1381, #1382, .T. );
#1123 = FILL_AREA_STYLE( '', ( #1383 ) );
#1124 = EDGE_CURVE( '', #1358, #1259, #1384, .T. );
#1125 = FILL_AREA_STYLE( '', ( #1385 ) );
#1126 = EDGE_CURVE( '', #1386, #1386, #1387, .T. );
#1127 = FILL_AREA_STYLE( '', ( #1388 ) );
#1128 = EDGE_CURVE( '', #1326, #1274, #1389, .T. );
#1129 = FILL_AREA_STYLE( '', ( #1390 ) );
#1130 = FILL_AREA_STYLE( '', ( #1391 ) );
#1131 = EDGE_CURVE( '', #1392, #1305, #1393, .T. );
#1132 = EDGE_CURVE( '', #1237, #1392, #1394, .T. );
#1133 = FILL_AREA_STYLE( '', ( #1395 ) );
#1134 = EDGE_CURVE( '', #1203, #1343, #1396, .T. );
#1135 = EDGE_CURVE( '', #1205, #1341, #1397, .T. );
#1136 = FILL_AREA_STYLE( '', ( #1398 ) );
#1137 = EDGE_CURVE( '', #1399, #1303, #1400, .T. );
#1138 = EDGE_CURVE( '', #1399, #1392, #1401, .T. );
#1139 = FILL_AREA_STYLE( '', ( #1402 ) );
#1140 = EDGE_CURVE( '', #1403, #1174, #1404, .T. );
#1141 = EDGE_CURVE( '', #1405, #1179, #1406, .T. );
#1142 = EDGE_CURVE( '', #1405, #1403, #1407, .T. );
#1143 = FILL_AREA_STYLE( '', ( #1408 ) );
#1144 = EDGE_CURVE( '', #1409, #1409, #1410, .T. );
#1145 = FILL_AREA_STYLE( '', ( #1411 ) );
#1146 = EDGE_CURVE( '', #1412, #1282, #1413, .T. );
#1147 = EDGE_CURVE( '', #1412, #1211, #1414, .T. );
#1148 = FILL_AREA_STYLE( '', ( #1415 ) );
#1149 = EDGE_CURVE( '', #1192, #1250, #1416, .T. );
#1150 = EDGE_CURVE( '', #1248, #1403, #1417, .T. );
#1151 = EDGE_CURVE( '', #1405, #1399, #1418, .T. );
#1152 = EDGE_CURVE( '', #1239, #1412, #1419, .T. );
#1153 = EDGE_CURVE( '', #1420, #1272, #1421, .T. );
#1154 = EDGE_CURVE( '', #1364, #1420, #1422, .T. );
#1155 = FILL_AREA_STYLE( '', ( #1423 ) );
#1156 = FILL_AREA_STYLE( '', ( #1424 ) );
#1157 = EDGE_CURVE( '', #1420, #1375, #1425, .T. );
#1158 = FILL_AREA_STYLE( '', ( #1426 ) );
#1159 = EDGE_CURVE( '', #1360, #1261, #1427, .T. );
#1160 = FILL_AREA_STYLE( '', ( #1428 ) );
#1161 = FILL_AREA_STYLE( '', ( #1429 ) );
#1162 = FILL_AREA_STYLE( '', ( #1430 ) );
#1163 = FILL_AREA_STYLE( '', ( #1431 ) );
#1164 = FILL_AREA_STYLE_COLOUR( '', #1432 );
#1165 = VERTEX_POINT( '', #1433 );
#1166 = VERTEX_POINT( '', #1434 );
#1167 = LINE( '', #1435, #1436 );
#1168 = VERTEX_POINT( '', #1437 );
#1169 = LINE( '', #1438, #1439 );
#1170 = VERTEX_POINT( '', #1440 );
#1171 = LINE( '', #1441, #1442 );
#1172 = LINE( '', #1443, #1444 );
#1173 = FILL_AREA_STYLE_COLOUR( '', #1445 );
#1174 = VERTEX_POINT( '', #1446 );
#1175 = VERTEX_POINT( '', #1447 );
#1176 = CIRCLE( '', #1448, 0.00635000000000000 );
#1177 = VERTEX_POINT( '', #1449 );
#1178 = LINE( '', #1450, #1451 );
#1179 = VERTEX_POINT( '', #1452 );
#1180 = CIRCLE( '', #1453, 0.00635000000000000 );
#1181 = LINE( '', #1454, #1455 );
#1182 = FILL_AREA_STYLE_COLOUR( '', #1456 );
#1183 = VERTEX_POINT( '', #1457 );
#1184 = CIRCLE( '', #1458, 0.00929640000000000 );
#1185 = VERTEX_POINT( '', #1459 );
#1186 = CIRCLE( '', #1460, 0.00929640000000000 );
#1187 = VERTEX_POINT( '', #1461 );
#1188 = VERTEX_POINT( '', #1462 );
#1189 = LINE( '', #1463, #1464 );
#1190 = VERTEX_POINT( '', #1465 );
#1191 = LINE( '', #1466, #1467 );
#1192 = VERTEX_POINT( '', #1468 );
#1193 = LINE( '', #1469, #1470 );
#1194 = LINE( '', #1471, #1472 );
#1195 = FILL_AREA_STYLE_COLOUR( '', #1473 );
#1196 = LINE( '', #1474, #1475 );
#1197 = VERTEX_POINT( '', #1476 );
#1198 = LINE( '', #1477, #1478 );
#1199 = VERTEX_POINT( '', #1479 );
#1200 = LINE( '', #1480, #1481 );
#1201 = VERTEX_POINT( '', #1482 );
#1202 = LINE( '', #1483, #1484 );
#1203 = VERTEX_POINT( '', #1485 );
#1204 = LINE( '', #1486, #1487 );
#1205 = VERTEX_POINT( '', #1488 );
#1206 = LINE( '', #1489, #1490 );
#1207 = VERTEX_POINT( '', #1491 );
#1208 = LINE( '', #1492, #1493 );
#1209 = VERTEX_POINT( '', #1494 );
#1210 = LINE( '', #1495, #1496 );
#1211 = VERTEX_POINT( '', #1497 );
#1212 = LINE( '', #1498, #1499 );
#1213 = VERTEX_POINT( '', #1500 );
#1214 = LINE( '', #1501, #1502 );
#1215 = VERTEX_POINT( '', #1503 );
#1216 = LINE( '', #1504, #1505 );
#1217 = VERTEX_POINT( '', #1506 );
#1218 = LINE( '', #1507, #1508 );
#1219 = VERTEX_POINT( '', #1509 );
#1220 = LINE( '', #1510, #1511 );
#1221 = VERTEX_POINT( '', #1512 );
#1222 = LINE( '', #1513, #1514 );
#1223 = VERTEX_POINT( '', #1515 );
#1224 = LINE( '', #1516, #1517 );
#1225 = VERTEX_POINT( '', #1518 );
#1226 = LINE( '', #1519, #1520 );
#1227 = VERTEX_POINT( '', #1521 );
#1228 = LINE( '', #1522, #1523 );
#1229 = LINE( '', #1524, #1525 );
#1230 = FILL_AREA_STYLE_COLOUR( '', #1526 );
#1231 = VERTEX_POINT( '', #1527 );
#1232 = CIRCLE( '', #1528, 0.00929640000000000 );
#1233 = FILL_AREA_STYLE_COLOUR( '', #1529 );
#1234 = VERTEX_POINT( '', #1530 );
#1235 = VERTEX_POINT( '', #1531 );
#1236 = LINE( '', #1532, #1533 );
#1237 = VERTEX_POINT( '', #1534 );
#1238 = LINE( '', #1535, #1536 );
#1239 = VERTEX_POINT( '', #1537 );
#1240 = LINE( '', #1538, #1539 );
#1241 = LINE( '', #1540, #1541 );
#1242 = FILL_AREA_STYLE_COLOUR( '', #1542 );
#1243 = VERTEX_POINT( '', #1543 );
#1244 = CIRCLE( '', #1544, 0.00177800000000000 );
#1245 = VERTEX_POINT( '', #1545 );
#1246 = CIRCLE( '', #1546, 0.00177800000000000 );
#1247 = FILL_AREA_STYLE_COLOUR( '', #1547 );
#1248 = VERTEX_POINT( '', #1548 );
#1249 = LINE( '', #1549, #1550 );
#1250 = VERTEX_POINT( '', #1551 );
#1251 = LINE( '', #1552, #1553 );
#1252 = LINE( '', #1554, #1555 );
#1253 = FILL_AREA_STYLE_COLOUR( '', #1556 );
#1254 = VERTEX_POINT( '', #1557 );
#1255 = CIRCLE( '', #1558, 0.00177800000000000 );
#1256 = VERTEX_POINT( '', #1559 );
#1257 = CIRCLE( '', #1560, 0.00177800000000000 );
#1258 = FILL_AREA_STYLE_COLOUR( '', #1561 );
#1259 = VERTEX_POINT( '', #1562 );
#1260 = LINE( '', #1563, #1564 );
#1261 = VERTEX_POINT( '', #1565 );
#1262 = LINE( '', #1566, #1567 );
#1263 = LINE( '', #1568, #1569 );
#1264 = FILL_AREA_STYLE_COLOUR( '', #1570 );
#1265 = VERTEX_POINT( '', #1571 );
#1266 = CIRCLE( '', #1572, 0.00177800000000000 );
#1267 = VERTEX_POINT( '', #1573 );
#1268 = VERTEX_POINT( '', #1574 );
#1269 = LINE( '', #1575, #1576 );
#1270 = VERTEX_POINT( '', #1577 );
#1271 = CIRCLE( '', #1578, 0.00635000000000000 );
#1272 = VERTEX_POINT( '', #1579 );
#1273 = LINE( '', #1580, #1581 );
#1274 = VERTEX_POINT( '', #1582 );
#1275 = LINE( '', #1583, #1584 );
#1276 = VERTEX_POINT( '', #1585 );
#1277 = LINE( '', #1586, #1587 );
#1278 = VERTEX_POINT( '', #1588 );
#1279 = CIRCLE( '', #1589, 0.00635000000000000 );
#1280 = VERTEX_POINT( '', #1590 );
#1281 = LINE( '', #1591, #1592 );
#1282 = VERTEX_POINT( '', #1593 );
#1283 = LINE( '', #1594, #1595 );
#1284 = LINE( '', #1596, #1597 );
#1285 = VERTEX_POINT( '', #1598 );
#1286 = LINE( '', #1599, #1600 );
#1287 = VERTEX_POINT( '', #1601 );
#1288 = CIRCLE( '', #1602, 0.00635000000000000 );
#1289 = LINE( '', #1603, #1604 );
#1290 = VERTEX_POINT( '', #1605 );
#1291 = LINE( '', #1606, #1607 );
#1292 = CIRCLE( '', #1608, 0.00635000000000000 );
#1293 = LINE( '', #1609, #1610 );
#1294 = VERTEX_POINT( '', #1611 );
#1295 = CIRCLE( '', #1612, 0.00177800000000000 );
#1296 = VERTEX_POINT( '', #1613 );
#1297 = CIRCLE( '', #1614, 0.00177800000000000 );
#1298 = FILL_AREA_STYLE_COLOUR( '', #1615 );
#1299 = VERTEX_POINT( '', #1616 );
#1300 = LINE( '', #1617, #1618 );
#1301 = CIRCLE( '', #1619, 0.00635000000000000 );
#1302 = FILL_AREA_STYLE_COLOUR( '', #1620 );
#1303 = VERTEX_POINT( '', #1621 );
#1304 = LINE( '', #1622, #1623 );
#1305 = VERTEX_POINT( '', #1624 );
#1306 = LINE( '', #1625, #1626 );
#1307 = CIRCLE( '', #1627, 0.00635000000000000 );
#1308 = VERTEX_POINT( '', #1628 );
#1309 = CIRCLE( '', #1629, 0.00177800000000000 );
#1310 = FILL_AREA_STYLE_COLOUR( '', #1630 );
#1311 = VERTEX_POINT( '', #1631 );
#1312 = CIRCLE( '', #1632, 0.00177800000000000 );
#1313 = FILL_AREA_STYLE_COLOUR( '', #1633 );
#1314 = VERTEX_POINT( '', #1634 );
#1315 = LINE( '', #1635, #1636 );
#1316 = VERTEX_POINT( '', #1637 );
#1317 = LINE( '', #1638, #1639 );
#1318 = LINE( '', #1640, #1641 );
#1319 = FILL_AREA_STYLE_COLOUR( '', #1642 );
#1320 = VERTEX_POINT( '', #1643 );
#1321 = LINE( '', #1644, #1645 );
#1322 = VERTEX_POINT( '', #1646 );
#1323 = LINE( '', #1647, #1648 );
#1324 = LINE( '', #1649, #1650 );
#1325 = FILL_AREA_STYLE_COLOUR( '', #1651 );
#1326 = VERTEX_POINT( '', #1652 );
#1327 = VERTEX_POINT( '', #1653 );
#1328 = LINE( '', #1654, #1655 );
#1329 = VERTEX_POINT( '', #1656 );
#1330 = LINE( '', #1657, #1658 );
#1331 = VERTEX_POINT( '', #1659 );
#1332 = LINE( '', #1660, #1661 );
#1333 = CIRCLE( '', #1662, 0.00635000000000000 );
#1334 = FILL_AREA_STYLE_COLOUR( '', #1663 );
#1335 = LINE( '', #1664, #1665 );
#1336 = FILL_AREA_STYLE_COLOUR( '', #1666 );
#1337 = LINE( '', #1667, #1668 );
#1338 = LINE( '', #1669, #1670 );
#1339 = FILL_AREA_STYLE_COLOUR( '', #1671 );
#1340 = FILL_AREA_STYLE_COLOUR( '', #1672 );
#1341 = VERTEX_POINT( '', #1673 );
#1342 = LINE( '', #1674, #1675 );
#1343 = VERTEX_POINT( '', #1676 );
#1344 = CIRCLE( '', #1677, 0.00635000000000000 );
#1345 = LINE( '', #1678, #1679 );
#1346 = FILL_AREA_STYLE_COLOUR( '', #1680 );
#1347 = CIRCLE( '', #1681, 0.00635000000000000 );
#1348 = CIRCLE( '', #1682, 0.00635000000000000 );
#1349 = FILL_AREA_STYLE_COLOUR( '', #1683 );
#1350 = VERTEX_POINT( '', #1684 );
#1351 = CIRCLE( '', #1685, 0.00177800000000000 );
#1352 = FILL_AREA_STYLE_COLOUR( '', #1686 );
#1353 = VERTEX_POINT( '', #1687 );
#1354 = CIRCLE( '', #1688, 0.00177800000000000 );
#1355 = VERTEX_POINT( '', #1689 );
#1356 = CIRCLE( '', #1690, 0.00177800000000000 );
#1357 = FILL_AREA_STYLE_COLOUR( '', #1691 );
#1358 = VERTEX_POINT( '', #1692 );
#1359 = LINE( '', #1693, #1694 );
#1360 = VERTEX_POINT( '', #1695 );
#1361 = LINE( '', #1696, #1697 );
#1362 = LINE( '', #1698, #1699 );
#1363 = FILL_AREA_STYLE_COLOUR( '', #1700 );
#1364 = VERTEX_POINT( '', #1701 );
#1365 = LINE( '', #1702, #1703 );
#1366 = VERTEX_POINT( '', #1704 );
#1367 = LINE( '', #1705, #1706 );
#1368 = LINE( '', #1707, #1708 );
#1369 = FILL_AREA_STYLE_COLOUR( '', #1709 );
#1370 = LINE( '', #1710, #1711 );
#1371 = FILL_AREA_STYLE_COLOUR( '', #1712 );
#1372 = VERTEX_POINT( '', #1713 );
#1373 = CIRCLE( '', #1714, 0.00177800000000000 );
#1374 = FILL_AREA_STYLE_COLOUR( '', #1715 );
#1375 = VERTEX_POINT( '', #1716 );
#1376 = CIRCLE( '', #1717, 0.00635000000000000 );
#1377 = LINE( '', #1718, #1719 );
#1378 = FILL_AREA_STYLE_COLOUR( '', #1720 );
#1379 = VERTEX_POINT( '', #1721 );
#1380 = CIRCLE( '', #1722, 0.00177800000000000 );
#1381 = VERTEX_POINT( '', #1723 );
#1382 = CIRCLE( '', #1724, 0.00177800000000000 );
#1383 = FILL_AREA_STYLE_COLOUR( '', #1725 );
#1384 = CIRCLE( '', #1726, 0.00635000000000000 );
#1385 = FILL_AREA_STYLE_COLOUR( '', #1727 );
#1386 = VERTEX_POINT( '', #1728 );
#1387 = CIRCLE( '', #1729, 0.00177800000000000 );
#1388 = FILL_AREA_STYLE_COLOUR( '', #1730 );
#1389 = LINE( '', #1731, #1732 );
#1390 = FILL_AREA_STYLE_COLOUR( '', #1733 );
#1391 = FILL_AREA_STYLE_COLOUR( '', #1734 );
#1392 = VERTEX_POINT( '', #1735 );
#1393 = LINE( '', #1736, #1737 );
#1394 = CIRCLE( '', #1738, 0.00635000000000000 );
#1395 = FILL_AREA_STYLE_COLOUR( '', #1739 );
#1396 = LINE( '', #1740, #1741 );
#1397 = LINE( '', #1742, #1743 );
#1398 = FILL_AREA_STYLE_COLOUR( '', #1744 );
#1399 = VERTEX_POINT( '', #1745 );
#1400 = LINE( '', #1746, #1747 );
#1401 = LINE( '', #1748, #1749 );
#1402 = FILL_AREA_STYLE_COLOUR( '', #1750 );
#1403 = VERTEX_POINT( '', #1751 );
#1404 = LINE( '', #1752, #1753 );
#1405 = VERTEX_POINT( '', #1754 );
#1406 = LINE( '', #1755, #1756 );
#1407 = LINE( '', #1757, #1758 );
#1408 = FILL_AREA_STYLE_COLOUR( '', #1759 );
#1409 = VERTEX_POINT( '', #1760 );
#1410 = CIRCLE( '', #1761, 0.00929640000000000 );
#1411 = FILL_AREA_STYLE_COLOUR( '', #1762 );
#1412 = VERTEX_POINT( '', #1763 );
#1413 = LINE( '', #1764, #1765 );
#1414 = LINE( '', #1766, #1767 );
#1415 = FILL_AREA_STYLE_COLOUR( '', #1768 );
#1416 = LINE( '', #1769, #1770 );
#1417 = LINE( '', #1771, #1772 );
#1418 = LINE( '', #1773, #1774 );
#1419 = LINE( '', #1775, #1776 );
#1420 = VERTEX_POINT( '', #1777 );
#1421 = LINE( '', #1778, #1779 );
#1422 = LINE( '', #1780, #1781 );
#1423 = FILL_AREA_STYLE_COLOUR( '', #1782 );
#1424 = FILL_AREA_STYLE_COLOUR( '', #1783 );
#1425 = LINE( '', #1784, #1785 );
#1426 = FILL_AREA_STYLE_COLOUR( '', #1786 );
#1427 = CIRCLE( '', #1787, 0.00635000000000000 );
#1428 = FILL_AREA_STYLE_COLOUR( '', #1788 );
#1429 = FILL_AREA_STYLE_COLOUR( '', #1789 );
#1430 = FILL_AREA_STYLE_COLOUR( '', #1790 );
#1431 = FILL_AREA_STYLE_COLOUR( '', #1791 );
#1432 = COLOUR_RGB( '', 0.603921592200000, 0.647058844600000, 0.686274528500000 );
#1433 = CARTESIAN_POINT( '', ( -0.0215900000000000, 0.0635000000000000, 0.00000000000000 ) );
#1434 = CARTESIAN_POINT( '', ( -0.0283210000000000, 0.0635000000000000, 0.00000000000000 ) );
#1435 = CARTESIAN_POINT( '', ( -0.0396714907503072, 0.0635000000000000, 0.00000000000000 ) );
#1436 = VECTOR( '', #1792, 1.00000000000000 );
#1437 = CARTESIAN_POINT( '', ( -0.0283210000000000, 0.0635000000000000, 0.00215900000000000 ) );
#1438 = CARTESIAN_POINT( '', ( -0.0283210000000000, 0.0635000000000000, 0.00215900000000000 ) );
#1439 = VECTOR( '', #1793, 1.00000000000000 );
#1440 = CARTESIAN_POINT( '', ( -0.0215900000000000, 0.0635000000000000, 0.00215900000000000 ) );
#1441 = CARTESIAN_POINT( '', ( -0.0396714907503072, 0.0635000000000000, 0.00215900000000000 ) );
#1442 = VECTOR( '', #1794, 1.00000000000000 );
#1443 = CARTESIAN_POINT( '', ( -0.0215900000000000, 0.0635000000000000, 0.00215900000000000 ) );
#1444 = VECTOR( '', #1795, 1.00000000000000 );
#1445 = COLOUR_RGB( '', 0.603921592200000, 0.647058844600000, 0.686274528500000 );
#1446 = CARTESIAN_POINT( '', ( 0.0283210000000000, 0.0508000000000000, 0.0237490000000000 ) );
#1447 = CARTESIAN_POINT( '', ( 0.0283210000000000, 0.0635000000000000, 0.0237490000000000 ) );
#1448 = AXIS2_PLACEMENT_3D( '', #1796, #1797, #1798 );
#1449 = CARTESIAN_POINT( '', ( 0.0283210000000000, 0.0635000000000000, 0.0259080000000000 ) );
#1450 = CARTESIAN_POINT( '', ( 0.0283210000000000, 0.0635000000000000, 0.0259080000000000 ) );
#1451 = VECTOR( '', #1799, 1.00000000000000 );
#1452 = CARTESIAN_POINT( '', ( 0.0283210000000000, 0.0508000000000000, 0.0259080000000000 ) );
#1453 = AXIS2_PLACEMENT_3D( '', #1800, #1801, #1802 );
#1454 = CARTESIAN_POINT( '', ( 0.0283210000000000, 0.0508000000000000, 0.0259080000000000 ) );
#1455 = VECTOR( '', #1803, 1.00000000000000 );
#1456 = COLOUR_RGB( '', 0.603921592200000, 0.647058844600000, 0.686274528500000 );
#1457 = CARTESIAN_POINT( '', ( -0.00942340000000000, 0.0730250000000000, 0.00365760000000000 ) );
#1458 = AXIS2_PLACEMENT_3D( '', #1804, #1805, #1806 );
#1459 = CARTESIAN_POINT( '', ( 0.00942340000000000, 0.0730250000000000, 0.00365760000000000 ) );
#1460 = AXIS2_PLACEMENT_3D( '', #1807, #1808, #1809 );
#1461 = CARTESIAN_POINT( '', ( 0.0215900000000000, 0.0730250000000000, 0.00000000000000 ) );
#1462 = CARTESIAN_POINT( '', ( -0.0215900000000000, 0.0730250000000000, 0.00000000000000 ) );
#1463 = CARTESIAN_POINT( '', ( 0.00711842128617788, 0.0730250000000000, 0.00000000000000 ) );
#1464 = VECTOR( '', #1810, 1.00000000000000 );
#1465 = CARTESIAN_POINT( '', ( -0.0215900000000000, 0.0730250000000000, 0.0259080000000000 ) );
#1466 = CARTESIAN_POINT( '', ( -0.0215900000000000, 0.0730250000000000, 0.00215900000000000 ) );
#1467 = VECTOR( '', #1811, 1.00000000000000 );
#1468 = CARTESIAN_POINT( '', ( 0.0215900000000000, 0.0730250000000000, 0.0259080000000000 ) );
#1469 = CARTESIAN_POINT( '', ( 0.00711842128617788, 0.0730250000000000, 0.0259080000000000 ) );
#1470 = VECTOR( '', #1812, 1.00000000000000 );
#1471 = CARTESIAN_POINT( '', ( 0.0215900000000000, 0.0730250000000000, 0.00215900000000000 ) );
#1472 = VECTOR( '', #1813, 1.00000000000000 );
#1473 = COLOUR_RGB( '', 0.603921592200000, 0.647058844600000, 0.686274528500000 );
#1474 = CARTESIAN_POINT( '', ( -0.0215900000000000, 0.00317500000000000, 0.00000000000000 ) );
#1475 = VECTOR( '', #1814, 1.00000000000000 );
#1476 = CARTESIAN_POINT( '', ( -0.0215900000000000, 0.0508000000000000, 0.00215900000000000 ) );
#1477 = CARTESIAN_POINT( '', ( -0.0215900000000000, 0.00317500000000000, 0.00215900000000000 ) );
#1478 = VECTOR( '', #1815, 1.00000000000000 );
#1479 = CARTESIAN_POINT( '', ( -0.0215900000000000, 0.0508000000000000, 0.00000000000000 ) );
#1480 = CARTESIAN_POINT( '', ( -0.0215900000000000, 0.0508000000000000, 0.00215900000000000 ) );
#1481 = VECTOR( '', #1816, 1.00000000000000 );
#1482 = CARTESIAN_POINT( '', ( -0.0215900000000000, -0.0508000000000000, 0.00000000000000 ) );
#1483 = CARTESIAN_POINT( '', ( -0.0215900000000000, 0.00317500000000000, 0.00000000000000 ) );
#1484 = VECTOR( '', #1817, 1.00000000000000 );
#1485 = CARTESIAN_POINT( '', ( -0.0215900000000000, -0.0508000000000000, 0.00215900000000000 ) );
#1486 = CARTESIAN_POINT( '', ( -0.0215900000000000, -0.0508000000000000, 0.00215900000000000 ) );
#1487 = VECTOR( '', #1818, 1.00000000000000 );
#1488 = CARTESIAN_POINT( '', ( -0.0215900000000000, -0.0635000000000000, 0.00215900000000000 ) );
#1489 = CARTESIAN_POINT( '', ( -0.0215900000000000, 0.00317500000000000, 0.00215900000000000 ) );
#1490 = VECTOR( '', #1819, 1.00000000000000 );
#1491 = CARTESIAN_POINT( '', ( -0.0215900000000000, -0.0635000000000000, 0.00000000000000 ) );
#1492 = CARTESIAN_POINT( '', ( -0.0215900000000000, -0.0635000000000000, 0.00215900000000000 ) );
#1493 = VECTOR( '', #1820, 1.00000000000000 );
#1494 = CARTESIAN_POINT( '', ( -0.0215900000000000, -0.0730250000000000, 0.00000000000000 ) );
#1495 = CARTESIAN_POINT( '', ( -0.0215900000000000, 0.00317500000000000, 0.00000000000000 ) );
#1496 = VECTOR( '', #1821, 1.00000000000000 );
#1497 = CARTESIAN_POINT( '', ( -0.0215900000000000, -0.0730250000000000, 0.0259080000000000 ) );
#1498 = CARTESIAN_POINT( '', ( -0.0215900000000000, -0.0730250000000000, 0.00215900000000000 ) );
#1499 = VECTOR( '', #1822, 1.00000000000000 );
#1500 = CARTESIAN_POINT( '', ( -0.0215900000000000, -0.0635000000000000, 0.0259080000000000 ) );
#1501 = CARTESIAN_POINT( '', ( -0.0215900000000000, 0.00317500000000000, 0.0259080000000000 ) );
#1502 = VECTOR( '', #1823, 1.00000000000000 );
#1503 = CARTESIAN_POINT( '', ( -0.0215900000000000, -0.0635000000000000, 0.0237490000000000 ) );
#1504 = CARTESIAN_POINT( '', ( -0.0215900000000000, -0.0635000000000000, 0.0259080000000000 ) );
#1505 = VECTOR( '', #1824, 1.00000000000000 );
#1506 = CARTESIAN_POINT( '', ( -0.0215900000000000, -0.0508000000000000, 0.0237490000000000 ) );
#1507 = CARTESIAN_POINT( '', ( -0.0215900000000000, 0.00317500000000000, 0.0237490000000000 ) );
#1508 = VECTOR( '', #1825, 1.00000000000000 );
#1509 = CARTESIAN_POINT( '', ( -0.0215900000000000, -0.0508000000000000, 0.0259080000000000 ) );
#1510 = CARTESIAN_POINT( '', ( -0.0215900000000000, -0.0508000000000000, 0.0259080000000000 ) );
#1511 = VECTOR( '', #1826, 1.00000000000000 );
#1512 = CARTESIAN_POINT( '', ( -0.0215900000000000, 0.0508000000000000, 0.0259080000000000 ) );
#1513 = CARTESIAN_POINT( '', ( -0.0215900000000000, 0.00317500000000000, 0.0259080000000000 ) );
#1514 = VECTOR( '', #1827, 1.00000000000000 );
#1515 = CARTESIAN_POINT( '', ( -0.0215900000000000, 0.0508000000000000, 0.0237490000000000 ) );
#1516 = CARTESIAN_POINT( '', ( -0.0215900000000000, 0.0508000000000000, 0.0259080000000000 ) );
#1517 = VECTOR( '', #1828, 1.00000000000000 );
#1518 = CARTESIAN_POINT( '', ( -0.0215900000000000, 0.0635000000000000, 0.0237490000000000 ) );
#1519 = CARTESIAN_POINT( '', ( -0.0215900000000000, 0.00317500000000000, 0.0237490000000000 ) );
#1520 = VECTOR( '', #1829, 1.00000000000000 );
#1521 = CARTESIAN_POINT( '', ( -0.0215900000000000, 0.0635000000000000, 0.0259080000000000 ) );
#1522 = CARTESIAN_POINT( '', ( -0.0215900000000000, 0.0635000000000000, 0.0259080000000000 ) );
#1523 = VECTOR( '', #1830, 1.00000000000000 );
#1524 = CARTESIAN_POINT( '', ( -0.0215900000000000, 0.00317500000000000, 0.0259080000000000 ) );
#1525 = VECTOR( '', #1831, 1.00000000000000 );
#1526 = COLOUR_RGB( '', 0.603921592200000, 0.647058844600000, 0.686274528500000 );
#1527 = CARTESIAN_POINT( '', ( -0.000127074496055533, -0.0730250000000000, 0.0129167832737651 ) );
#1528 = AXIS2_PLACEMENT_3D( '', #1832, #1833, #1834 );
#1529 = COLOUR_RGB( '', 0.603921592200000, 0.647058844600000, 0.686274528500000 );
#1530 = CARTESIAN_POINT( '', ( 0.0215900000000000, -0.0635000000000000, 0.0237490000000000 ) );
#1531 = CARTESIAN_POINT( '', ( 0.0283210000000000, -0.0635000000000000, 0.0237490000000000 ) );
#1532 = CARTESIAN_POINT( '', ( 0.0232545483741761, -0.0635000000000000, 0.0237490000000000 ) );
#1533 = VECTOR( '', #1835, 1.00000000000000 );
#1534 = CARTESIAN_POINT( '', ( 0.0283210000000000, -0.0635000000000000, 0.0259080000000000 ) );
#1535 = CARTESIAN_POINT( '', ( 0.0283210000000000, -0.0635000000000000, 0.0259080000000000 ) );
#1536 = VECTOR( '', #1836, 1.00000000000000 );
#1537 = CARTESIAN_POINT( '', ( 0.0215900000000000, -0.0635000000000000, 0.0259080000000000 ) );
#1538 = CARTESIAN_POINT( '', ( 0.0232545483741761, -0.0635000000000000, 0.0259080000000000 ) );
#1539 = VECTOR( '', #1837, 1.00000000000000 );
#1540 = CARTESIAN_POINT( '', ( 0.0215900000000000, -0.0635000000000000, 0.0259080000000000 ) );
#1541 = VECTOR( '', #1838, 1.00000000000000 );
#1542 = COLOUR_RGB( '', 0.603921592200000, 0.647058844600000, 0.686274528500000 );
#1543 = CARTESIAN_POINT( '', ( 0.0300990000000000, -0.0571500000000000, 0.00215900000000000 ) );
#1544 = AXIS2_PLACEMENT_3D( '', #1839, #1840, #1841 );
#1545 = CARTESIAN_POINT( '', ( 0.0300990000000000, -0.0571500000000000, 0.00000000000000 ) );
#1546 = AXIS2_PLACEMENT_3D( '', #1842, #1843, #1844 );
#1547 = COLOUR_RGB( '', 0.603921592200000, 0.647058844600000, 0.686274528500000 );
#1548 = CARTESIAN_POINT( '', ( 0.0215900000000000, 0.0635000000000000, 0.0237490000000000 ) );
#1549 = CARTESIAN_POINT( '', ( 0.0266312880328391, 0.0635000000000000, 0.0237490000000000 ) );
#1550 = VECTOR( '', #1845, 1.00000000000000 );
#1551 = CARTESIAN_POINT( '', ( 0.0215900000000000, 0.0635000000000000, 0.0259080000000000 ) );
#1552 = CARTESIAN_POINT( '', ( 0.0215900000000000, 0.0635000000000000, 0.0259080000000000 ) );
#1553 = VECTOR( '', #1846, 1.00000000000000 );
#1554 = CARTESIAN_POINT( '', ( 0.0266312880328391, 0.0635000000000000, 0.0259080000000000 ) );
#1555 = VECTOR( '', #1847, 1.00000000000000 );
#1556 = COLOUR_RGB( '', 0.603921592200000, 0.647058844600000, 0.686274528500000 );
#1557 = CARTESIAN_POINT( '', ( -0.0265430000000000, 0.0571500000000000, 0.0259080000000000 ) );
#1558 = AXIS2_PLACEMENT_3D( '', #1848, #1849, #1850 );
#1559 = CARTESIAN_POINT( '', ( -0.0265430000000000, 0.0571500000000000, 0.0237490000000000 ) );
#1560 = AXIS2_PLACEMENT_3D( '', #1851, #1852, #1853 );
#1561 = COLOUR_RGB( '', 0.603921592200000, 0.647058844600000, 0.686274528500000 );
#1562 = CARTESIAN_POINT( '', ( -0.0283210000000000, 0.0508000000000000, 0.0237490000000000 ) );
#1563 = CARTESIAN_POINT( '', ( -0.0205543741468191, 0.0508000000000000, 0.0237490000000000 ) );
#1564 = VECTOR( '', #1854, 1.00000000000000 );
#1565 = CARTESIAN_POINT( '', ( -0.0283210000000000, 0.0508000000000000, 0.0259080000000000 ) );
#1566 = CARTESIAN_POINT( '', ( -0.0205543741468191, 0.0508000000000000, 0.0259080000000000 ) );
#1567 = VECTOR( '', #1855, 1.00000000000000 );
#1568 = CARTESIAN_POINT( '', ( -0.0283210000000000, 0.0508000000000000, 0.0259080000000000 ) );
#1569 = VECTOR( '', #1856, 1.00000000000000 );
#1570 = COLOUR_RGB( '', 0.603921592200000, 0.647058844600000, 0.686274528500000 );
#1571 = CARTESIAN_POINT( '', ( 0.0300990000000000, 0.0571500000000000, 0.00000000000000 ) );
#1572 = AXIS2_PLACEMENT_3D( '', #1857, #1858, #1859 );
#1573 = CARTESIAN_POINT( '', ( 0.0215900000000000, 0.0635000000000000, 0.00000000000000 ) );
#1574 = CARTESIAN_POINT( '', ( 0.0283210000000000, 0.0635000000000000, 0.00000000000000 ) );
#1575 = CARTESIAN_POINT( '', ( 0.0270546213661724, 0.0635000000000000, 0.00000000000000 ) );
#1576 = VECTOR( '', #1860, 1.00000000000000 );
#1577 = CARTESIAN_POINT( '', ( 0.0283210000000000, 0.0508000000000000, 0.00000000000000 ) );
#1578 = AXIS2_PLACEMENT_3D( '', #1861, #1862, #1863 );
#1579 = CARTESIAN_POINT( '', ( 0.0215900000000000, 0.0508000000000000, 0.00000000000000 ) );
#1580 = CARTESIAN_POINT( '', ( 0.0232545483741760, 0.0508000000000000, 0.00000000000000 ) );
#1581 = VECTOR( '', #1864, 1.00000000000000 );
#1582 = CARTESIAN_POINT( '', ( 0.0215900000000000, -0.0508000000000000, 0.00000000000000 ) );
#1583 = CARTESIAN_POINT( '', ( 0.0215900000000000, 0.00317500000000000, 0.00000000000000 ) );
#1584 = VECTOR( '', #1865, 1.00000000000000 );
#1585 = CARTESIAN_POINT( '', ( 0.0283210000000000, -0.0508000000000000, 0.00000000000000 ) );
#1586 = CARTESIAN_POINT( '', ( 0.0263681361929493, -0.0508000000000000, 0.00000000000000 ) );
#1587 = VECTOR( '', #1866, 1.00000000000000 );
#1588 = CARTESIAN_POINT( '', ( 0.0283210000000000, -0.0635000000000000, 0.00000000000000 ) );
#1589 = AXIS2_PLACEMENT_3D( '', #1867, #1868, #1869 );
#1590 = CARTESIAN_POINT( '', ( 0.0215900000000000, -0.0635000000000000, 0.00000000000000 ) );
#1591 = CARTESIAN_POINT( '', ( 0.0232545483741760, -0.0635000000000000, 0.00000000000000 ) );
#1592 = VECTOR( '', #1870, 1.00000000000000 );
#1593 = CARTESIAN_POINT( '', ( 0.0215900000000000, -0.0730250000000000, 0.00000000000000 ) );
#1594 = CARTESIAN_POINT( '', ( 0.0215900000000000, 0.00317500000000000, 0.00000000000000 ) );
#1595 = VECTOR( '', #1871, 1.00000000000000 );
#1596 = CARTESIAN_POINT( '', ( -7.10152422978005E-18, -0.0730250000000000, 0.00000000000000 ) );
#1597 = VECTOR( '', #1872, 1.00000000000000 );
#1598 = CARTESIAN_POINT( '', ( -0.0283210000000000, -0.0635000000000000, 0.00000000000000 ) );
#1599 = CARTESIAN_POINT( '', ( -0.0205543741468191, -0.0635000000000000, 0.00000000000000 ) );
#1600 = VECTOR( '', #1873, 1.00000000000000 );
#1601 = CARTESIAN_POINT( '', ( -0.0283210000000000, -0.0508000000000000, 0.00000000000000 ) );
#1602 = AXIS2_PLACEMENT_3D( '', #1874, #1875, #1876 );
#1603 = CARTESIAN_POINT( '', ( -0.0574735612857025, -0.0508000000000000, 0.00000000000000 ) );
#1604 = VECTOR( '', #1877, 1.00000000000000 );
#1605 = CARTESIAN_POINT( '', ( -0.0283210000000000, 0.0508000000000000, 0.00000000000000 ) );
#1606 = CARTESIAN_POINT( '', ( -0.0205543741468191, 0.0508000000000000, 0.00000000000000 ) );
#1607 = VECTOR( '', #1878, 1.00000000000000 );
#1608 = AXIS2_PLACEMENT_3D( '', #1879, #1880, #1881 );
#1609 = CARTESIAN_POINT( '', ( 0.0215900000000000, 0.00317500000000000, 0.00000000000000 ) );
#1610 = VECTOR( '', #1882, 1.00000000000000 );
#1611 = CARTESIAN_POINT( '', ( -0.0265430000000000, 0.0571500000000000, 0.00000000000000 ) );
#1612 = AXIS2_PLACEMENT_3D( '', #1883, #1884, #1885 );
#1613 = CARTESIAN_POINT( '', ( -0.0265430000000000, -0.0571500000000000, 0.00000000000000 ) );
#1614 = AXIS2_PLACEMENT_3D( '', #1886, #1887, #1888 );
#1615 = COLOUR_RGB( '', 0.603921592200000, 0.647058844600000, 0.686274528500000 );
#1616 = CARTESIAN_POINT( '', ( -0.0283210000000000, 0.0508000000000000, 0.00215900000000000 ) );
#1617 = CARTESIAN_POINT( '', ( -0.0283210000000000, 0.0508000000000000, 0.00215900000000000 ) );
#1618 = VECTOR( '', #1889, 1.00000000000000 );
#1619 = AXIS2_PLACEMENT_3D( '', #1890, #1891, #1892 );
#1620 = COLOUR_RGB( '', 0.603921592200000, 0.647058844600000, 0.686274528500000 );
#1621 = CARTESIAN_POINT( '', ( 0.0215900000000000, -0.0508000000000000, 0.0237490000000000 ) );
#1622 = CARTESIAN_POINT( '', ( 0.0215900000000000, 0.00317500000000000, 0.0237490000000000 ) );
#1623 = VECTOR( '', #1893, 1.00000000000000 );
#1624 = CARTESIAN_POINT( '', ( 0.0283210000000000, -0.0508000000000000, 0.0237490000000000 ) );
#1625 = CARTESIAN_POINT( '', ( 0.0263681361929493, -0.0508000000000000, 0.0237490000000000 ) );
#1626 = VECTOR( '', #1894, 1.00000000000000 );
#1627 = AXIS2_PLACEMENT_3D( '', #1895, #1896, #1897 );
#1628 = CARTESIAN_POINT( '', ( 0.0300990000000000, -0.0571500000000000, 0.0237490000000000 ) );
#1629 = AXIS2_PLACEMENT_3D( '', #1898, #1899, #1900 );
#1630 = COLOUR_RGB( '', 0.603921592200000, 0.647058844600000, 0.686274528500000 );
#1631 = CARTESIAN_POINT( '', ( -0.0265430000000000, 0.0571500000000000, 0.00215900000000000 ) );
#1632 = AXIS2_PLACEMENT_3D( '', #1901, #1902, #1903 );
#1633 = COLOUR_RGB( '', 0.603921592200000, 0.647058844600000, 0.686274528500000 );
#1634 = CARTESIAN_POINT( '', ( -0.0283210000000000, -0.0508000000000000, 0.0237490000000000 ) );
#1635 = CARTESIAN_POINT( '', ( -0.0574735612857025, -0.0508000000000000, 0.0237490000000000 ) );
#1636 = VECTOR( '', #1904, 1.00000000000000 );
#1637 = CARTESIAN_POINT( '', ( -0.0283210000000000, -0.0508000000000000, 0.0259080000000000 ) );
#1638 = CARTESIAN_POINT( '', ( -0.0283210000000000, -0.0508000000000000, 0.0259080000000000 ) );
#1639 = VECTOR( '', #1905, 1.00000000000000 );
#1640 = CARTESIAN_POINT( '', ( -0.0574735612857025, -0.0508000000000000, 0.0259080000000000 ) );
#1641 = VECTOR( '', #1906, 1.00000000000000 );
#1642 = COLOUR_RGB( '', 0.603921592200000, 0.647058844600000, 0.686274528500000 );
#1643 = CARTESIAN_POINT( '', ( -0.0283210000000000, -0.0635000000000000, 0.0237490000000000 ) );
#1644 = CARTESIAN_POINT( '', ( -0.0205543741468191, -0.0635000000000000, 0.0237490000000000 ) );
#1645 = VECTOR( '', #1907, 1.00000000000000 );
#1646 = CARTESIAN_POINT( '', ( -0.0283210000000000, -0.0635000000000000, 0.0259080000000000 ) );
#1647 = CARTESIAN_POINT( '', ( -0.0205543741468191, -0.0635000000000000, 0.0259080000000000 ) );
#1648 = VECTOR( '', #1908, 1.00000000000000 );
#1649 = CARTESIAN_POINT( '', ( -0.0283210000000000, -0.0635000000000000, 0.0259080000000000 ) );
#1650 = VECTOR( '', #1909, 1.00000000000000 );
#1651 = COLOUR_RGB( '', 0.603921592200000, 0.647058844600000, 0.686274528500000 );
#1652 = CARTESIAN_POINT( '', ( 0.0215900000000000, -0.0508000000000000, 0.00215900000000000 ) );
#1653 = CARTESIAN_POINT( '', ( 0.0283210000000000, -0.0508000000000000, 0.00215900000000000 ) );
#1654 = CARTESIAN_POINT( '', ( 0.0263681361929493, -0.0508000000000000, 0.00215900000000000 ) );
#1655 = VECTOR( '', #1910, 1.00000000000000 );
#1656 = CARTESIAN_POINT( '', ( 0.0215900000000000, -0.0635000000000000, 0.00215900000000000 ) );
#1657 = CARTESIAN_POINT( '', ( 0.0215900000000000, 0.00317500000000000, 0.00215900000000000 ) );
#1658 = VECTOR( '', #1911, 1.00000000000000 );
#1659 = CARTESIAN_POINT( '', ( 0.0283210000000000, -0.0635000000000000, 0.00215900000000000 ) );
#1660 = CARTESIAN_POINT( '', ( 0.0232545483741760, -0.0635000000000000, 0.00215900000000000 ) );
#1661 = VECTOR( '', #1912, 1.00000000000000 );
#1662 = AXIS2_PLACEMENT_3D( '', #1913, #1914, #1915 );
#1663 = COLOUR_RGB( '', 0.603921592200000, 0.647058844600000, 0.686274528500000 );
#1664 = CARTESIAN_POINT( '', ( -0.0205543741468191, 0.0508000000000000, 0.00215900000000000 ) );
#1665 = VECTOR( '', #1916, 1.00000000000000 );
#1666 = COLOUR_RGB( '', 0.603921592200000, 0.647058844600000, 0.686274528500000 );
#1667 = CARTESIAN_POINT( '', ( 0.0283210000000000, -0.0508000000000000, 0.00215900000000000 ) );
#1668 = VECTOR( '', #1917, 1.00000000000000 );
#1669 = CARTESIAN_POINT( '', ( 0.0283210000000000, -0.0635000000000000, 0.00215900000000000 ) );
#1670 = VECTOR( '', #1918, 1.00000000000000 );
#1671 = COLOUR_RGB( '', 0.603921592200000, 0.647058844600000, 0.686274528500000 );
#1672 = COLOUR_RGB( '', 0.603921592200000, 0.647058844600000, 0.686274528500000 );
#1673 = CARTESIAN_POINT( '', ( -0.0283210000000000, -0.0635000000000000, 0.00215900000000000 ) );
#1674 = CARTESIAN_POINT( '', ( -0.0283210000000000, -0.0635000000000000, 0.00215900000000000 ) );
#1675 = VECTOR( '', #1919, 1.00000000000000 );
#1676 = CARTESIAN_POINT( '', ( -0.0283210000000000, -0.0508000000000000, 0.00215900000000000 ) );
#1677 = AXIS2_PLACEMENT_3D( '', #1920, #1921, #1922 );
#1678 = CARTESIAN_POINT( '', ( -0.0283210000000000, -0.0508000000000000, 0.00215900000000000 ) );
#1679 = VECTOR( '', #1923, 1.00000000000000 );
#1680 = COLOUR_RGB( '', 0.603921592200000, 0.647058844600000, 0.686274528500000 );
#1681 = AXIS2_PLACEMENT_3D( '', #1924, #1925, #1926 );
#1682 = AXIS2_PLACEMENT_3D( '', #1927, #1928, #1929 );
#1683 = COLOUR_RGB( '', 0.603921592200000, 0.647058844600000, 0.686274528500000 );
#1684 = CARTESIAN_POINT( '', ( -0.0265430000000000, -0.0571500000000000, 0.00215900000000000 ) );
#1685 = AXIS2_PLACEMENT_3D( '', #1930, #1931, #1932 );
#1686 = COLOUR_RGB( '', 0.603921592200000, 0.647058844600000, 0.686274528500000 );
#1687 = CARTESIAN_POINT( '', ( 0.0300990000000000, 0.0571500000000000, 0.0259080000000000 ) );
#1688 = AXIS2_PLACEMENT_3D( '', #1933, #1934, #1935 );
#1689 = CARTESIAN_POINT( '', ( 0.0300990000000000, 0.0571500000000000, 0.0237490000000000 ) );
#1690 = AXIS2_PLACEMENT_3D( '', #1936, #1937, #1938 );
#1691 = COLOUR_RGB( '', 0.603921592200000, 0.647058844600000, 0.686274528500000 );
#1692 = CARTESIAN_POINT( '', ( -0.0283210000000000, 0.0635000000000000, 0.0237490000000000 ) );
#1693 = CARTESIAN_POINT( '', ( -0.0400948240836405, 0.0635000000000000, 0.0237490000000000 ) );
#1694 = VECTOR( '', #1939, 1.00000000000000 );
#1695 = CARTESIAN_POINT( '', ( -0.0283210000000000, 0.0635000000000000, 0.0259080000000000 ) );
#1696 = CARTESIAN_POINT( '', ( -0.0283210000000000, 0.0635000000000000, 0.0259080000000000 ) );
#1697 = VECTOR( '', #1940, 1.00000000000000 );
#1698 = CARTESIAN_POINT( '', ( -0.0400948240836405, 0.0635000000000000, 0.0259080000000000 ) );
#1699 = VECTOR( '', #1941, 1.00000000000000 );
#1700 = COLOUR_RGB( '', 0.603921592200000, 0.647058844600000, 0.686274528500000 );
#1701 = CARTESIAN_POINT( '', ( 0.0215900000000000, 0.0635000000000000, 0.00215900000000000 ) );
#1702 = CARTESIAN_POINT( '', ( 0.0215900000000000, 0.0635000000000000, 0.00215900000000000 ) );
#1703 = VECTOR( '', #1942, 1.00000000000000 );
#1704 = CARTESIAN_POINT( '', ( 0.0283210000000000, 0.0635000000000000, 0.00215900000000000 ) );
#1705 = CARTESIAN_POINT( '', ( 0.0270546213661724, 0.0635000000000000, 0.00215900000000000 ) );
#1706 = VECTOR( '', #1943, 1.00000000000000 );
#1707 = CARTESIAN_POINT( '', ( 0.0283210000000000, 0.0635000000000000, 0.00215900000000000 ) );
#1708 = VECTOR( '', #1944, 1.00000000000000 );
#1709 = COLOUR_RGB( '', 0.603921592200000, 0.647058844600000, 0.686274528500000 );
#1710 = CARTESIAN_POINT( '', ( 0.0215900000000000, -0.0635000000000000, 0.00215900000000000 ) );
#1711 = VECTOR( '', #1945, 1.00000000000000 );
#1712 = COLOUR_RGB( '', 0.603921592200000, 0.647058844600000, 0.686274528500000 );
#1713 = CARTESIAN_POINT( '', ( 0.0300990000000000, -0.0571500000000000, 0.0259080000000000 ) );
#1714 = AXIS2_PLACEMENT_3D( '', #1946, #1947, #1948 );
#1715 = COLOUR_RGB( '', 0.603921592200000, 0.647058844600000, 0.686274528500000 );
#1716 = CARTESIAN_POINT( '', ( 0.0283210000000000, 0.0508000000000000, 0.00215900000000000 ) );
#1717 = AXIS2_PLACEMENT_3D( '', #1949, #1950, #1951 );
#1718 = CARTESIAN_POINT( '', ( 0.0283210000000000, 0.0508000000000000, 0.00215900000000000 ) );
#1719 = VECTOR( '', #1952, 1.00000000000000 );
#1720 = COLOUR_RGB( '', 0.603921592200000, 0.647058844600000, 0.686274528500000 );
#1721 = CARTESIAN_POINT( '', ( -0.0265430000000000, -0.0571500000000000, 0.0259080000000000 ) );
#1722 = AXIS2_PLACEMENT_3D( '', #1953, #1954, #1955 );
#1723 = CARTESIAN_POINT( '', ( -0.0265430000000000, -0.0571500000000000, 0.0237490000000000 ) );
#1724 = AXIS2_PLACEMENT_3D( '', #1956, #1957, #1958 );
#1725 = COLOUR_RGB( '', 0.603921592200000, 0.647058844600000, 0.686274528500000 );
#1726 = AXIS2_PLACEMENT_3D( '', #1959, #1960, #1961 );
#1727 = COLOUR_RGB( '', 0.603921592200000, 0.647058844600000, 0.686274528500000 );
#1728 = CARTESIAN_POINT( '', ( 0.0300990000000000, 0.0571500000000000, 0.00215900000000000 ) );
#1729 = AXIS2_PLACEMENT_3D( '', #1962, #1963, #1964 );
#1730 = COLOUR_RGB( '', 0.603921592200000, 0.647058844600000, 0.686274528500000 );
#1731 = CARTESIAN_POINT( '', ( 0.0215900000000000, -0.0508000000000000, 0.00215900000000000 ) );
#1732 = VECTOR( '', #1965, 1.00000000000000 );
#1733 = COLOUR_RGB( '', 0.603921592200000, 0.647058844600000, 0.686274528500000 );
#1734 = COLOUR_RGB( '', 0.603921592200000, 0.647058844600000, 0.686274528500000 );
#1735 = CARTESIAN_POINT( '', ( 0.0283210000000000, -0.0508000000000000, 0.0259080000000000 ) );
#1736 = CARTESIAN_POINT( '', ( 0.0283210000000000, -0.0508000000000000, 0.0259080000000000 ) );
#1737 = VECTOR( '', #1966, 1.00000000000000 );
#1738 = AXIS2_PLACEMENT_3D( '', #1967, #1968, #1969 );
#1739 = COLOUR_RGB( '', 0.603921592200000, 0.647058844600000, 0.686274528500000 );
#1740 = CARTESIAN_POINT( '', ( -0.0574735612857025, -0.0508000000000000, 0.00215900000000000 ) );
#1741 = VECTOR( '', #1970, 1.00000000000000 );
#1742 = CARTESIAN_POINT( '', ( -0.0205543741468191, -0.0635000000000000, 0.00215900000000000 ) );
#1743 = VECTOR( '', #1971, 1.00000000000000 );
#1744 = COLOUR_RGB( '', 0.603921592200000, 0.647058844600000, 0.686274528500000 );
#1745 = CARTESIAN_POINT( '', ( 0.0215900000000000, -0.0508000000000000, 0.0259080000000000 ) );
#1746 = CARTESIAN_POINT( '', ( 0.0215900000000000, -0.0508000000000000, 0.0259080000000000 ) );
#1747 = VECTOR( '', #1972, 1.00000000000000 );
#1748 = CARTESIAN_POINT( '', ( 0.0263681361929493, -0.0508000000000000, 0.0259080000000000 ) );
#1749 = VECTOR( '', #1973, 1.00000000000000 );
#1750 = COLOUR_RGB( '', 0.603921592200000, 0.647058844600000, 0.686274528500000 );
#1751 = CARTESIAN_POINT( '', ( 0.0215900000000000, 0.0508000000000000, 0.0237490000000000 ) );
#1752 = CARTESIAN_POINT( '', ( 0.0232545483741761, 0.0508000000000000, 0.0237490000000000 ) );
#1753 = VECTOR( '', #1974, 1.00000000000000 );
#1754 = CARTESIAN_POINT( '', ( 0.0215900000000000, 0.0508000000000000, 0.0259080000000000 ) );
#1755 = CARTESIAN_POINT( '', ( 0.0232545483741761, 0.0508000000000000, 0.0259080000000000 ) );
#1756 = VECTOR( '', #1975, 1.00000000000000 );
#1757 = CARTESIAN_POINT( '', ( 0.0215900000000000, 0.0508000000000000, 0.0259080000000000 ) );
#1758 = VECTOR( '', #1976, 1.00000000000000 );
#1759 = COLOUR_RGB( '', 0.603921592200000, 0.647058844600000, 0.686274528500000 );
#1760 = CARTESIAN_POINT( '', ( 0.0187197255039445, -0.0730250000000000, 0.0129167832737651 ) );
#1761 = AXIS2_PLACEMENT_3D( '', #1977, #1978, #1979 );
#1762 = COLOUR_RGB( '', 0.603921592200000, 0.647058844600000, 0.686274528500000 );
#1763 = CARTESIAN_POINT( '', ( 0.0215900000000000, -0.0730250000000000, 0.0259080000000000 ) );
#1764 = CARTESIAN_POINT( '', ( 0.0215900000000000, -0.0730250000000000, 0.00215900000000000 ) );
#1765 = VECTOR( '', #1980, 1.00000000000000 );
#1766 = CARTESIAN_POINT( '', ( -7.10152422978005E-18, -0.0730250000000000, 0.0259080000000000 ) );
#1767 = VECTOR( '', #1981, 1.00000000000000 );
#1768 = COLOUR_RGB( '', 0.603921592200000, 0.647058844600000, 0.686274528500000 );
#1769 = CARTESIAN_POINT( '', ( 0.0215900000000000, 0.00317500000000000, 0.0259080000000000 ) );
#1770 = VECTOR( '', #1982, 1.00000000000000 );
#1771 = CARTESIAN_POINT( '', ( 0.0215900000000000, 0.00317500000000000, 0.0237490000000000 ) );
#1772 = VECTOR( '', #1983, 1.00000000000000 );
#1773 = CARTESIAN_POINT( '', ( 0.0215900000000000, 0.00317500000000000, 0.0259080000000000 ) );
#1774 = VECTOR( '', #1984, 1.00000000000000 );
#1775 = CARTESIAN_POINT( '', ( 0.0215900000000000, 0.00317500000000000, 0.0259080000000000 ) );
#1776 = VECTOR( '', #1985, 1.00000000000000 );
#1777 = CARTESIAN_POINT( '', ( 0.0215900000000000, 0.0508000000000000, 0.00215900000000000 ) );
#1778 = CARTESIAN_POINT( '', ( 0.0215900000000000, 0.0508000000000000, 0.00215900000000000 ) );
#1779 = VECTOR( '', #1986, 1.00000000000000 );
#1780 = CARTESIAN_POINT( '', ( 0.0215900000000000, 0.00317500000000000, 0.00215900000000000 ) );
#1781 = VECTOR( '', #1987, 1.00000000000000 );
#1782 = COLOUR_RGB( '', 0.603921592200000, 0.647058844600000, 0.686274528500000 );
#1783 = COLOUR_RGB( '', 0.603921592200000, 0.647058844600000, 0.686274528500000 );
#1784 = CARTESIAN_POINT( '', ( 0.0232545483741760, 0.0508000000000000, 0.00215900000000000 ) );
#1785 = VECTOR( '', #1988, 1.00000000000000 );
#1786 = COLOUR_RGB( '', 0.603921592200000, 0.647058844600000, 0.686274528500000 );
#1787 = AXIS2_PLACEMENT_3D( '', #1989, #1990, #1991 );
#1788 = COLOUR_RGB( '', 0.603921592200000, 0.647058844600000, 0.686274528500000 );
#1789 = COLOUR_RGB( '', 0.603921592200000, 0.647058844600000, 0.686274528500000 );
#1790 = COLOUR_RGB( '', 0.603921592200000, 0.647058844600000, 0.686274528500000 );
#1791 = COLOUR_RGB( '', 0.603921592200000, 0.647058844600000, 0.686274528500000 );
#1792 = DIRECTION( '', ( -1.00000000000000, 0.00000000000000, 0.00000000000000 ) );
#1793 = DIRECTION( '', ( 0.00000000000000, 0.00000000000000, -1.00000000000000 ) );
#1794 = DIRECTION( '', ( -1.00000000000000, 0.00000000000000, 0.00000000000000 ) );
#1795 = DIRECTION( '', ( 0.00000000000000, 0.00000000000000, -1.00000000000000 ) );
#1796 = CARTESIAN_POINT( '', ( 0.0283210000000000, 0.0571500000000000, 0.0237490000000000 ) );
#1797 = DIRECTION( '', ( 0.00000000000000, 0.00000000000000, 1.00000000000000 ) );
#1798 = DIRECTION( '', ( 0.00000000000000, -1.00000000000000, 0.00000000000000 ) );
#1799 = DIRECTION( '', ( 0.00000000000000, 0.00000000000000, -1.00000000000000 ) );
#1800 = CARTESIAN_POINT( '', ( 0.0283210000000000, 0.0571500000000000, 0.0259080000000000 ) );
#1801 = DIRECTION( '', ( 0.00000000000000, 0.00000000000000, 1.00000000000000 ) );
#1802 = DIRECTION( '', ( 0.00000000000000, -1.00000000000000, 0.00000000000000 ) );
#1803 = DIRECTION( '', ( 0.00000000000000, 0.00000000000000, -1.00000000000000 ) );
#1804 = CARTESIAN_POINT( '', ( -0.00942340000000000, 0.0730250000000000, 0.0129540000000000 ) );
#1805 = DIRECTION( '', ( 0.00000000000000, -1.00000000000000, 0.00000000000000 ) );
#1806 = DIRECTION( '', ( 0.00000000000000, 0.00000000000000, -1.00000000000000 ) );
#1807 = CARTESIAN_POINT( '', ( 0.00942340000000000, 0.0730250000000000, 0.0129540000000000 ) );
#1808 = DIRECTION( '', ( 0.00000000000000, -1.00000000000000, 0.00000000000000 ) );
#1809 = DIRECTION( '', ( 0.00000000000000, 0.00000000000000, -1.00000000000000 ) );
#1810 = DIRECTION( '', ( -1.00000000000000, 0.00000000000000, 0.00000000000000 ) );
#1811 = DIRECTION( '', ( 0.00000000000000, 0.00000000000000, -1.00000000000000 ) );
#1812 = DIRECTION( '', ( -1.00000000000000, 0.00000000000000, 0.00000000000000 ) );
#1813 = DIRECTION( '', ( 0.00000000000000, 0.00000000000000, -1.00000000000000 ) );
#1814 = DIRECTION( '', ( 0.00000000000000, -1.00000000000000, 0.00000000000000 ) );
#1815 = DIRECTION( '', ( 0.00000000000000, -1.00000000000000, 0.00000000000000 ) );
#1816 = DIRECTION( '', ( 0.00000000000000, 0.00000000000000, -1.00000000000000 ) );
#1817 = DIRECTION( '', ( 0.00000000000000, -1.00000000000000, 0.00000000000000 ) );
#1818 = DIRECTION( '', ( 0.00000000000000, 0.00000000000000, -1.00000000000000 ) );
#1819 = DIRECTION( '', ( 0.00000000000000, -1.00000000000000, 0.00000000000000 ) );
#1820 = DIRECTION( '', ( 0.00000000000000, 0.00000000000000, -1.00000000000000 ) );
#1821 = DIRECTION( '', ( 0.00000000000000, -1.00000000000000, 0.00000000000000 ) );
#1822 = DIRECTION( '', ( 0.00000000000000, 0.00000000000000, -1.00000000000000 ) );
#1823 = DIRECTION( '', ( 0.00000000000000, -1.00000000000000, 0.00000000000000 ) );
#1824 = DIRECTION( '', ( 0.00000000000000, 0.00000000000000, -1.00000000000000 ) );
#1825 = DIRECTION( '', ( 0.00000000000000, -1.00000000000000, 0.00000000000000 ) );
#1826 = DIRECTION( '', ( 0.00000000000000, 0.00000000000000, -1.00000000000000 ) );
#1827 = DIRECTION( '', ( 0.00000000000000, -1.00000000000000, 0.00000000000000 ) );
#1828 = DIRECTION( '', ( 0.00000000000000, 0.00000000000000, -1.00000000000000 ) );
#1829 = DIRECTION( '', ( 0.00000000000000, -1.00000000000000, 0.00000000000000 ) );
#1830 = DIRECTION( '', ( 0.00000000000000, 0.00000000000000, -1.00000000000000 ) );
#1831 = DIRECTION( '', ( 0.00000000000000, -1.00000000000000, 0.00000000000000 ) );
#1832 = CARTESIAN_POINT( '', ( -0.00942340000000000, -0.0730250000000000, 0.0129540000000000 ) );
#1833 = DIRECTION( '', ( 0.00000000000000, -1.00000000000000, 0.00000000000000 ) );
#1834 = DIRECTION( '', ( 0.999991986569475, 0.00000000000000, -0.00400334820306207 ) );
#1835 = DIRECTION( '', ( 1.00000000000000, 0.00000000000000, 0.00000000000000 ) );
#1836 = DIRECTION( '', ( 0.00000000000000, 0.00000000000000, -1.00000000000000 ) );
#1837 = DIRECTION( '', ( 1.00000000000000, 0.00000000000000, 0.00000000000000 ) );
#1838 = DIRECTION( '', ( 0.00000000000000, 0.00000000000000, -1.00000000000000 ) );
#1839 = CARTESIAN_POINT( '', ( 0.0283210000000000, -0.0571500000000000, 0.00215900000000000 ) );
#1840 = DIRECTION( '', ( 0.00000000000000, 0.00000000000000, 1.00000000000000 ) );
#1841 = DIRECTION( '', ( 1.00000000000000, 0.00000000000000, 0.00000000000000 ) );
#1842 = CARTESIAN_POINT( '', ( 0.0283210000000000, -0.0571500000000000, 0.00000000000000 ) );
#1843 = DIRECTION( '', ( 0.00000000000000, 0.00000000000000, 1.00000000000000 ) );
#1844 = DIRECTION( '', ( 1.00000000000000, 0.00000000000000, 0.00000000000000 ) );
#1845 = DIRECTION( '', ( 1.00000000000000, 0.00000000000000, 0.00000000000000 ) );
#1846 = DIRECTION( '', ( 0.00000000000000, 0.00000000000000, -1.00000000000000 ) );
#1847 = DIRECTION( '', ( 1.00000000000000, 0.00000000000000, 0.00000000000000 ) );
#1848 = CARTESIAN_POINT( '', ( -0.0283210000000000, 0.0571500000000000, 0.0259080000000000 ) );
#1849 = DIRECTION( '', ( 0.00000000000000, 0.00000000000000, 1.00000000000000 ) );
#1850 = DIRECTION( '', ( 1.00000000000000, 0.00000000000000, 0.00000000000000 ) );
#1851 = CARTESIAN_POINT( '', ( -0.0283210000000000, 0.0571500000000000, 0.0237490000000000 ) );
#1852 = DIRECTION( '', ( 0.00000000000000, 0.00000000000000, 1.00000000000000 ) );
#1853 = DIRECTION( '', ( 1.00000000000000, 0.00000000000000, 0.00000000000000 ) );
#1854 = DIRECTION( '', ( -1.00000000000000, 0.00000000000000, 0.00000000000000 ) );
#1855 = DIRECTION( '', ( -1.00000000000000, 0.00000000000000, 0.00000000000000 ) );
#1856 = DIRECTION( '', ( 0.00000000000000, 0.00000000000000, -1.00000000000000 ) );
#1857 = CARTESIAN_POINT( '', ( 0.0283210000000000, 0.0571500000000000, 0.00000000000000 ) );
#1858 = DIRECTION( '', ( 0.00000000000000, 0.00000000000000, 1.00000000000000 ) );
#1859 = DIRECTION( '', ( 1.00000000000000, 0.00000000000000, 0.00000000000000 ) );
#1860 = DIRECTION( '', ( 1.00000000000000, 0.00000000000000, 0.00000000000000 ) );
#1861 = CARTESIAN_POINT( '', ( 0.0283210000000000, 0.0571500000000000, 0.00000000000000 ) );
#1862 = DIRECTION( '', ( 0.00000000000000, 0.00000000000000, 1.00000000000000 ) );
#1863 = DIRECTION( '', ( 0.00000000000000, -1.00000000000000, 0.00000000000000 ) );
#1864 = DIRECTION( '', ( 1.00000000000000, 0.00000000000000, 0.00000000000000 ) );
#1865 = DIRECTION( '', ( 0.00000000000000, -1.00000000000000, 0.00000000000000 ) );
#1866 = DIRECTION( '', ( 1.00000000000000, 0.00000000000000, 0.00000000000000 ) );
#1867 = CARTESIAN_POINT( '', ( 0.0283210000000000, -0.0571500000000000, 0.00000000000000 ) );
#1868 = DIRECTION( '', ( 0.00000000000000, 0.00000000000000, 1.00000000000000 ) );
#1869 = DIRECTION( '', ( 0.00000000000000, -1.00000000000000, 0.00000000000000 ) );
#1870 = DIRECTION( '', ( 1.00000000000000, 0.00000000000000, 0.00000000000000 ) );
#1871 = DIRECTION( '', ( 0.00000000000000, -1.00000000000000, 0.00000000000000 ) );
#1872 = DIRECTION( '', ( -1.00000000000000, 0.00000000000000, 0.00000000000000 ) );
#1873 = DIRECTION( '', ( -1.00000000000000, -1.22464679914735E-16, 0.00000000000000 ) );
#1874 = CARTESIAN_POINT( '', ( -0.0283210000000000, -0.0571500000000000, 0.00000000000000 ) );
#1875 = DIRECTION( '', ( 0.00000000000000, 0.00000000000000, 1.00000000000000 ) );
#1876 = DIRECTION( '', ( -5.46369598732853E-16, 1.00000000000000, 0.00000000000000 ) );
#1877 = DIRECTION( '', ( -1.00000000000000, -1.22464679914735E-16, 0.00000000000000 ) );
#1878 = DIRECTION( '', ( -1.00000000000000, 0.00000000000000, 0.00000000000000 ) );
#1879 = CARTESIAN_POINT( '', ( -0.0283210000000000, 0.0571500000000000, 0.00000000000000 ) );
#1880 = DIRECTION( '', ( 0.00000000000000, -0.00000000000000, 1.00000000000000 ) );
#1881 = DIRECTION( '', ( 0.00000000000000, 1.00000000000000, 0.00000000000000 ) );
#1882 = DIRECTION( '', ( 0.00000000000000, -1.00000000000000, 0.00000000000000 ) );
#1883 = CARTESIAN_POINT( '', ( -0.0283210000000000, 0.0571500000000000, 0.00000000000000 ) );
#1884 = DIRECTION( '', ( 0.00000000000000, 0.00000000000000, 1.00000000000000 ) );
#1885 = DIRECTION( '', ( 1.00000000000000, 0.00000000000000, 0.00000000000000 ) );
#1886 = CARTESIAN_POINT( '', ( -0.0283210000000000, -0.0571500000000000, 0.00000000000000 ) );
#1887 = DIRECTION( '', ( 0.00000000000000, 0.00000000000000, 1.00000000000000 ) );
#1888 = DIRECTION( '', ( 1.00000000000000, 0.00000000000000, 0.00000000000000 ) );
#1889 = DIRECTION( '', ( 0.00000000000000, 0.00000000000000, -1.00000000000000 ) );
#1890 = CARTESIAN_POINT( '', ( -0.0283210000000000, 0.0571500000000000, 0.00215900000000000 ) );
#1891 = DIRECTION( '', ( 0.00000000000000, -0.00000000000000, 1.00000000000000 ) );
#1892 = DIRECTION( '', ( 0.00000000000000, 1.00000000000000, 0.00000000000000 ) );
#1893 = DIRECTION( '', ( 6.12323399573677E-17, -1.00000000000000, 0.00000000000000 ) );
#1894 = DIRECTION( '', ( 1.00000000000000, 0.00000000000000, 0.00000000000000 ) );
#1895 = CARTESIAN_POINT( '', ( 0.0283210000000000, -0.0571500000000000, 0.0237490000000000 ) );
#1896 = DIRECTION( '', ( 0.00000000000000, 0.00000000000000, 1.00000000000000 ) );
#1897 = DIRECTION( '', ( 0.00000000000000, -1.00000000000000, 0.00000000000000 ) );
#1898 = CARTESIAN_POINT( '', ( 0.0283210000000000, -0.0571500000000000, 0.0237490000000000 ) );
#1899 = DIRECTION( '', ( 0.00000000000000, 0.00000000000000, 1.00000000000000 ) );
#1900 = DIRECTION( '', ( 1.00000000000000, 0.00000000000000, 0.00000000000000 ) );
#1901 = CARTESIAN_POINT( '', ( -0.0283210000000000, 0.0571500000000000, 0.00215900000000000 ) );
#1902 = DIRECTION( '', ( 0.00000000000000, 0.00000000000000, 1.00000000000000 ) );
#1903 = DIRECTION( '', ( 1.00000000000000, 0.00000000000000, 0.00000000000000 ) );
#1904 = DIRECTION( '', ( -1.00000000000000, -1.22464679914735E-16, 0.00000000000000 ) );
#1905 = DIRECTION( '', ( 0.00000000000000, 0.00000000000000, -1.00000000000000 ) );
#1906 = DIRECTION( '', ( -1.00000000000000, -1.22464679914735E-16, 0.00000000000000 ) );
#1907 = DIRECTION( '', ( -1.00000000000000, -1.22464679914735E-16, 0.00000000000000 ) );
#1908 = DIRECTION( '', ( -1.00000000000000, -1.22464679914735E-16, 0.00000000000000 ) );
#1909 = DIRECTION( '', ( 0.00000000000000, 0.00000000000000, -1.00000000000000 ) );
#1910 = DIRECTION( '', ( 1.00000000000000, 0.00000000000000, 0.00000000000000 ) );
#1911 = DIRECTION( '', ( 6.12323399573677E-17, -1.00000000000000, 0.00000000000000 ) );
#1912 = DIRECTION( '', ( 1.00000000000000, 0.00000000000000, 0.00000000000000 ) );
#1913 = CARTESIAN_POINT( '', ( 0.0283210000000000, -0.0571500000000000, 0.00215900000000000 ) );
#1914 = DIRECTION( '', ( 0.00000000000000, 0.00000000000000, 1.00000000000000 ) );
#1915 = DIRECTION( '', ( 0.00000000000000, -1.00000000000000, 0.00000000000000 ) );
#1916 = DIRECTION( '', ( -1.00000000000000, 0.00000000000000, 0.00000000000000 ) );
#1917 = DIRECTION( '', ( 0.00000000000000, 0.00000000000000, -1.00000000000000 ) );
#1918 = DIRECTION( '', ( 0.00000000000000, 0.00000000000000, -1.00000000000000 ) );
#1919 = DIRECTION( '', ( 0.00000000000000, 0.00000000000000, -1.00000000000000 ) );
#1920 = CARTESIAN_POINT( '', ( -0.0283210000000000, -0.0571500000000000, 0.00215900000000000 ) );
#1921 = DIRECTION( '', ( 0.00000000000000, 0.00000000000000, 1.00000000000000 ) );
#1922 = DIRECTION( '', ( -5.46369598732853E-16, 1.00000000000000, 0.00000000000000 ) );
#1923 = DIRECTION( '', ( 0.00000000000000, 0.00000000000000, -1.00000000000000 ) );
#1924 = CARTESIAN_POINT( '', ( -0.0283210000000000, -0.0571500000000000, 0.0237490000000000 ) );
#1925 = DIRECTION( '', ( 0.00000000000000, 0.00000000000000, 1.00000000000000 ) );
#1926 = DIRECTION( '', ( -5.46369598732853E-16, 1.00000000000000, 0.00000000000000 ) );
#1927 = CARTESIAN_POINT( '', ( -0.0283210000000000, -0.0571500000000000, 0.0259080000000000 ) );
#1928 = DIRECTION( '', ( 0.00000000000000, 0.00000000000000, 1.00000000000000 ) );
#1929 = DIRECTION( '', ( -5.46369598732853E-16, 1.00000000000000, 0.00000000000000 ) );
#1930 = CARTESIAN_POINT( '', ( -0.0283210000000000, -0.0571500000000000, 0.00215900000000000 ) );
#1931 = DIRECTION( '', ( 0.00000000000000, 0.00000000000000, 1.00000000000000 ) );
#1932 = DIRECTION( '', ( 1.00000000000000, 0.00000000000000, 0.00000000000000 ) );
#1933 = CARTESIAN_POINT( '', ( 0.0283210000000000, 0.0571500000000000, 0.0259080000000000 ) );
#1934 = DIRECTION( '', ( 0.00000000000000, 0.00000000000000, 1.00000000000000 ) );
#1935 = DIRECTION( '', ( 1.00000000000000, 0.00000000000000, 0.00000000000000 ) );
#1936 = CARTESIAN_POINT( '', ( 0.0283210000000000, 0.0571500000000000, 0.0237490000000000 ) );
#1937 = DIRECTION( '', ( 0.00000000000000, 0.00000000000000, 1.00000000000000 ) );
#1938 = DIRECTION( '', ( 1.00000000000000, 0.00000000000000, 0.00000000000000 ) );
#1939 = DIRECTION( '', ( -1.00000000000000, 0.00000000000000, 0.00000000000000 ) );
#1940 = DIRECTION( '', ( 0.00000000000000, 0.00000000000000, -1.00000000000000 ) );
#1941 = DIRECTION( '', ( -1.00000000000000, 0.00000000000000, 0.00000000000000 ) );
#1942 = DIRECTION( '', ( 0.00000000000000, 0.00000000000000, -1.00000000000000 ) );
#1943 = DIRECTION( '', ( 1.00000000000000, 0.00000000000000, 0.00000000000000 ) );
#1944 = DIRECTION( '', ( 0.00000000000000, 0.00000000000000, -1.00000000000000 ) );
#1945 = DIRECTION( '', ( 0.00000000000000, 0.00000000000000, -1.00000000000000 ) );
#1946 = CARTESIAN_POINT( '', ( 0.0283210000000000, -0.0571500000000000, 0.0259080000000000 ) );
#1947 = DIRECTION( '', ( 0.00000000000000, 0.00000000000000, 1.00000000000000 ) );
#1948 = DIRECTION( '', ( 1.00000000000000, 0.00000000000000, 0.00000000000000 ) );
#1949 = CARTESIAN_POINT( '', ( 0.0283210000000000, 0.0571500000000000, 0.00215900000000000 ) );
#1950 = DIRECTION( '', ( 0.00000000000000, 0.00000000000000, 1.00000000000000 ) );
#1951 = DIRECTION( '', ( 0.00000000000000, -1.00000000000000, 0.00000000000000 ) );
#1952 = DIRECTION( '', ( 0.00000000000000, 0.00000000000000, -1.00000000000000 ) );
#1953 = CARTESIAN_POINT( '', ( -0.0283210000000000, -0.0571500000000000, 0.0259080000000000 ) );
#1954 = DIRECTION( '', ( 0.00000000000000, 0.00000000000000, 1.00000000000000 ) );
#1955 = DIRECTION( '', ( 1.00000000000000, 0.00000000000000, 0.00000000000000 ) );
#1956 = CARTESIAN_POINT( '', ( -0.0283210000000000, -0.0571500000000000, 0.0237490000000000 ) );
#1957 = DIRECTION( '', ( 0.00000000000000, 0.00000000000000, 1.00000000000000 ) );
#1958 = DIRECTION( '', ( 1.00000000000000, 0.00000000000000, 0.00000000000000 ) );
#1959 = CARTESIAN_POINT( '', ( -0.0283210000000000, 0.0571500000000000, 0.0237490000000000 ) );
#1960 = DIRECTION( '', ( 0.00000000000000, -0.00000000000000, 1.00000000000000 ) );
#1961 = DIRECTION( '', ( 0.00000000000000, 1.00000000000000, 0.00000000000000 ) );
#1962 = CARTESIAN_POINT( '', ( 0.0283210000000000, 0.0571500000000000, 0.00215900000000000 ) );
#1963 = DIRECTION( '', ( 0.00000000000000, 0.00000000000000, 1.00000000000000 ) );
#1964 = DIRECTION( '', ( 1.00000000000000, 0.00000000000000, 0.00000000000000 ) );
#1965 = DIRECTION( '', ( 0.00000000000000, 0.00000000000000, -1.00000000000000 ) );
#1966 = DIRECTION( '', ( 0.00000000000000, 0.00000000000000, -1.00000000000000 ) );
#1967 = CARTESIAN_POINT( '', ( 0.0283210000000000, -0.0571500000000000, 0.0259080000000000 ) );
#1968 = DIRECTION( '', ( 0.00000000000000, 0.00000000000000, 1.00000000000000 ) );
#1969 = DIRECTION( '', ( 0.00000000000000, -1.00000000000000, 0.00000000000000 ) );
#1970 = DIRECTION( '', ( -1.00000000000000, -1.22464679914735E-16, 0.00000000000000 ) );
#1971 = DIRECTION( '', ( -1.00000000000000, -1.22464679914735E-16, 0.00000000000000 ) );
#1972 = DIRECTION( '', ( 0.00000000000000, 0.00000000000000, -1.00000000000000 ) );
#1973 = DIRECTION( '', ( 1.00000000000000, 0.00000000000000, 0.00000000000000 ) );
#1974 = DIRECTION( '', ( 1.00000000000000, -6.12323399573677E-17, 0.00000000000000 ) );
#1975 = DIRECTION( '', ( 1.00000000000000, -6.12323399573677E-17, 0.00000000000000 ) );
#1976 = DIRECTION( '', ( 0.00000000000000, 0.00000000000000, -1.00000000000000 ) );
#1977 = CARTESIAN_POINT( '', ( 0.00942340000000000, -0.0730250000000000, 0.0129540000000000 ) );
#1978 = DIRECTION( '', ( 0.00000000000000, -1.00000000000000, 0.00000000000000 ) );
#1979 = DIRECTION( '', ( 0.999991986569475, 0.00000000000000, -0.00400334820306207 ) );
#1980 = DIRECTION( '', ( 0.00000000000000, 0.00000000000000, -1.00000000000000 ) );
#1981 = DIRECTION( '', ( -1.00000000000000, 0.00000000000000, 0.00000000000000 ) );
#1982 = DIRECTION( '', ( 6.12323399573677E-17, -1.00000000000000, 0.00000000000000 ) );
#1983 = DIRECTION( '', ( 6.12323399573677E-17, -1.00000000000000, 0.00000000000000 ) );
#1984 = DIRECTION( '', ( 6.12323399573677E-17, -1.00000000000000, 0.00000000000000 ) );
#1985 = DIRECTION( '', ( 6.12323399573677E-17, -1.00000000000000, 0.00000000000000 ) );
#1986 = DIRECTION( '', ( 0.00000000000000, 0.00000000000000, -1.00000000000000 ) );
#1987 = DIRECTION( '', ( 6.12323399573677E-17, -1.00000000000000, 0.00000000000000 ) );
#1988 = DIRECTION( '', ( 1.00000000000000, 0.00000000000000, 0.00000000000000 ) );
#1989 = CARTESIAN_POINT( '', ( -0.0283210000000000, 0.0571500000000000, 0.0259080000000000 ) );
#1990 = DIRECTION( '', ( 0.00000000000000, -0.00000000000000, 1.00000000000000 ) );
#1991 = DIRECTION( '', ( 0.00000000000000, 1.00000000000000, 0.00000000000000 ) );
ENDSEC;
END-ISO-10303-21;
